pt,n_listings,n_rent,n_sale,access_min,tt_cbd_min,tt_expressway_min,tt_bypass_min,tt_rail_min,acc_ntl_30,acc_jobs_30_bld,acc_jobs_30_ntl,acc_jobs_30_mix,acc_ntl_45,acc_jobs_45_bld,acc_jobs_45_ntl,acc_jobs_45_mix,acc_ntl_60,acc_jobs_60_bld,acc_jobs_60_ntl,acc_jobs_60_mix,lon,lat
POINT (418366.493825 57629.290614),1,0,1,0.426,96.002,87.332,82.174,96.981,101.654,4225.025,1208.909,1811.741,314.795,9453.034,3765.91,5144.233,962.379,20649.492,11207.723,14209.221,32.266,0.521
POINT (418718.815729 58389.759232),1,0,1,3.648,99.068,90.398,85.241,100.047,84.255,3457.673,1020.11,1540.979,245.515,8131.584,2927.1,4187.157,820.01,17956.231,9311.496,11940.008,32.27,0.528
POINT (423775.406089 24871.051059),83,0,83,4.012,81.311,63.851,63.559,82.584,420.994,10892.045,9697.045,11119.626,1083.772,22472.417,22121.077,22795.001,2522.107,47929.572,41201.887,46105.121,32.315,0.225
POINT (426137.226227 57432.33803),1,0,1,12.137,101.308,92.638,87.48,102.287,58.421,2628.935,707.328,1168.991,261.46,8094.755,3165.603,4337.235,745.809,16704.318,9249.48,11242.055,32.336,0.52
POINT (427051.763016 48629.63533),3,0,3,4.168,72.755,64.085,58.927,73.734,475.984,9801.407,5762.943,7251.966,1341.649,27423.883,16653.403,21457.888,3439.882,63910.502,45233.784,55753.286,32.344,0.44
POINT (430964.130319 26691.377599),1,0,1,1.434,59.864,42.404,42.112,61.137,1242.266,22952.732,23505.936,25200.051,3630.952,60976.311,60882.601,63047.415,14839.883,559021.641,546524.1,553522.592,32.38,0.241
POINT (431438.252262 66132.668258),2,0,2,2.467,95.386,92.622,85.015,96.365,204.75,4419.672,4715.789,3201.872,465.301,9546.324,9576.949,7702.567,974.361,21237.945,17606.703,17619.666,32.384,0.598
POINT (431652.022546 45615.080768),83,0,83,0.904,60.544,51.875,46.717,61.524,1083.084,20505.668,13634.997,17461.95,2989.272,56745.383,39144.953,49935.688,12697.449,493337.158,501235.098,494452.078,32.386,0.413
POINT (432601.90834 15154.522054),39,3,36,3.436,78.972,60.017,67.57,80.245,187.56,5360.617,2375.387,3064.463,743.213,17084.29,11494.334,14062.92,2911.672,44466.5,43258.162,43882.73,32.394,0.137
POINT (438814.412468 36495.401268),26,1,25,4.105,42.117,23.058,22.993,43.283,3783.925,62943.068,65380.454,63102.703,19490.095,795449.723,823089.932,813368.823,34057.712,1141492.606,1137573.096,1150995.958,32.45,0.33
POINT (439339.321043 29993.69698),31,5,26,1.01,37.63,20.17,19.879,38.903,5273.045,100951.37,113297.134,104398.987,21940.617,890093.179,908420.434,905765.71,35235.423,1158322.881,1162957.807,1170634.147,32.455,0.271
POINT (440163.075142 5617.761837),3,1,2,1.93,52.836,17.7,33.876,53.815,2856.381,24948.407,34583.435,26773.243,9962.442,135118.75,177576.763,145279.247,26242.637,958562.285,986051.684,972450.459,32.462,0.051
POINT (440335.995092 5877.70537),1,0,1,1.128,51.683,16.548,32.724,52.663,3250.479,27713.36,39354.949,30236.403,11132.398,171118.038,214537.918,181766.257,27178.18,990134.936,1009283.394,999015.734,32.464,0.053
POINT (441023.454985 6632.088445),210,20,190,0.998,49.106,13.956,30.13,50.086,4004.009,33400.863,49162.569,37153.464,13936.616,301636.322,327408.19,304730.963,29144.909,1033774.661,1050798.896,1043244.606,32.47,0.06
POINT (441024.996878 46424.627225),9,0,9,3.091,44.021,35.351,30.193,45.0,2436.399,41268.224,29498.535,38245.926,13038.299,570749.75,583339.147,578252.419,29528.505,1069932.554,1047556.571,1070070.465,32.47,0.42
POINT (441534.161907 3982.802166),1,1,0,6.843,59.809,24.674,40.865,60.788,1858.93,17219.318,22506.862,18124.146,5623.953,47680.458,74576.219,54299.129,18941.667,643792.842,689632.592,658813.273,32.475,0.036
POINT (442351.683585 32227.959293),2,0,2,4.922,31.774,14.314,14.023,33.047,9922.704,367679.993,350609.057,357821.148,27105.627,1016619.85,1020633.299,1026901.68,37825.52,1181693.832,1197043.242,1198458.451,32.482,0.292
POINT (442850.985409 45484.961434),851,57,794,0.653,39.653,30.983,25.825,40.632,3496.79,57877.199,50574.554,54512.713,17645.555,803888.646,809109.384,812355.605,33310.908,1132509.582,1115440.691,1137529.558,32.486,0.412
POINT (443448.243544 35341.474397),1,0,1,5.216,30.563,11.504,11.439,31.729,12439.803,523489.211,536001.362,525772.428,29392.636,1058353.385,1057412.914,1067953.393,38862.882,1189868.527,1207570.306,1207476.283,32.492,0.32
POINT (443484.867568 55637.513681),59,0,59,8.803,63.208,60.444,52.837,64.188,666.258,10006.717,8066.669,9650.912,2434.796,37749.898,30456.205,36523.541,8596.734,252454.887,224563.404,243547.657,32.492,0.503
POINT (444816.565571 32882.826391),11,1,10,0.739,22.422,4.962,4.671,23.695,20731.091,870863.538,886975.839,883545.038,34659.155,1142636.117,1150454.944,1156093.738,41053.496,1217771.954,1236406.861,1237054.52,32.504,0.297
POINT (445060.082982 35615.4898),11,1,10,0.899,23.849,4.79,4.725,25.015,20567.734,862986.323,881215.111,876679.057,34683.529,1142700.066,1149190.218,1155813.434,41073.742,1215975.947,1235553.126,1235184.816,32.506,0.322
POINT (445252.239846 17132.793477),4,0,4,1.856,33.508,4.96,14.263,34.488,13814.481,327439.115,344633.272,330067.349,29595.431,1045515.672,1060533.133,1055373.469,38090.177,1175008.789,1195993.735,1190950.5,32.508,0.155
POINT (445581.471328 8120.940339),35,0,35,0.174,46.146,11.01,27.26,47.125,4684.382,41674.48,60330.775,47145.097,17292.037,555760.877,582786.396,561648.379,31255.258,1075857.675,1089891.262,1085278.584,32.511,0.073
POINT (445956.984863 36521.767507),1,0,1,0.952,22.357,7.165,6.278,23.337,20411.11,886048.692,888507.585,890243.635,34832.922,1144717.406,1150109.832,1158259.083,41265.047,1218548.387,1237214.639,1238137.837,32.514,0.33
POINT (446649.154217 50349.326633),143,1,142,2.479,44.439,41.675,34.068,45.418,3094.605,58764.332,42887.55,54918.939,12799.292,524688.806,536556.797,537700.833,28830.018,1071411.649,1047008.788,1075851.651,32.521,0.456
POINT (446824.732749 22043.779855),212,5,207,0.835,36.228,12.237,19.79,37.486,8319.672,125053.509,156028.518,134358.029,25798.091,962048.699,984992.95,975458.946,35800.533,1151215.791,1164917.829,1162245.902,32.522,0.199
POINT (447095.580914 19042.058459),1,1,0,1.639,40.824,16.832,24.385,42.082,5282.539,45707.299,74568.54,54288.338,21205.856,783026.664,828440.249,805272.795,33218.807,1113424.255,1124183.549,1122031.334,32.525,0.172
POINT (447478.678056 40344.850471),49,2,47,0.27,19.917,11.248,6.09,20.896,19839.84,901756.662,893619.341,902629.519,34878.21,1148348.342,1147794.984,1161153.411,41631.033,1223914.443,1239880.96,1242770.212,32.528,0.365
POINT (447700.462543 21001.42088),165,2,163,2.562,31.092,4.101,12.206,32.071,16279.936,548990.339,571141.422,555130.038,31020.904,1075759.066,1087260.024,1085443.26,38890.059,1184340.335,1206712.643,1201514.923,32.53,0.19
POINT (447801.676514 98308.609224),1,0,1,117.767,210.23,207.466,199.858,211.209,0.0,0.0,0.0,0.0,0.0,0.0,0.0,0.0,0.0,0.0,0.0,0.0,32.531,0.889
POINT (448004.335909 25989.215489),1,0,1,1.362,28.09,11.527,18.994,29.348,11256.967,363274.315,383740.45,373072.309,27432.512,1028713.601,1041527.493,1037574.65,36233.394,1154301.058,1173006.913,1167236.15,32.533,0.235
POINT (448259.203862 64109.574123),25,1,24,1.394,71.341,68.577,60.97,72.32,792.416,22716.243,23245.279,26278.202,1812.278,41166.104,36569.319,42287.666,4562.619,104957.051,82016.062,100350.879,32.535,0.58
POINT (448307.51436 36836.466251),4,0,4,2.69,18.036,6.93,4.765,19.309,21410.634,925355.347,922040.218,928480.203,35275.078,1148945.349,1157060.721,1163098.427,41474.779,1219655.057,1239110.197,1239819.538,32.535,0.333
POINT (448325.170915 33556.929485),4,0,4,0.067,14.979,6.896,6.491,16.252,21327.209,936081.849,936180.942,940818.864,33717.257,1128356.023,1141265.561,1141289.425,40422.416,1206988.851,1227124.17,1226054.376,32.536,0.304
POINT (448730.341487 56765.337168),1,0,1,5.214,67.4,64.635,57.028,68.379,664.939,8245.628,8403.978,8914.24,2293.85,39450.717,35382.326,41750.329,6438.427,150250.008,126792.037,146592.664,32.539,0.514
POINT (448889.489773 36795.541505),6,1,5,1.998,17.545,11.305,6.112,18.818,19717.599,911373.044,904380.578,912958.939,34384.101,1140247.051,1144086.809,1153501.319,41346.079,1218030.013,1236353.406,1238176.358,32.541,0.333
POINT (448902.610649 31412.55203),9,2,7,0.577,15.097,12.739,12.334,16.355,17881.803,847068.788,866205.961,855582.753,30383.66,1086658.028,1097967.523,1097112.481,39025.543,1188269.92,1208656.2,1206804.487,32.541,0.284
POINT (449125.440957 33533.130654),1,1,0,0.209,11.932,8.187,7.782,13.206,21608.862,954476.281,953892.438,958761.941,33753.91,1127221.917,1141667.297,1140676.168,40516.18,1207747.864,1227827.838,1227218.027,32.543,0.303
POINT (449254.375932 34535.112324),16,2,14,0.266,12.471,11.148,9.131,13.744,20819.528,946891.603,941631.845,949608.106,33274.04,1124208.157,1133947.602,1136596.028,40499.685,1207951.897,1226779.291,1227385.552,32.544,0.312
POINT (449273.421166 63946.951836),25,0,25,6.46,76.086,73.322,65.715,77.065,619.619,19458.619,20299.783,23152.999,1352.107,32956.396,30522.225,35010.245,3337.704,69698.715,57433.257,68282.141,32.544,0.579
POINT (449592.265585 23764.708798),34,0,34,0.459,27.579,4.048,11.515,28.838,18022.661,663771.919,708674.326,683107.102,31548.957,1086101.222,1098254.45,1095888.67,39179.132,1188434.572,1210463.63,1205755.187,32.547,0.215
POINT (449643.485609 24830.250541),10,4,6,0.254,23.114,5.358,12.825,24.372,18007.45,728435.453,751369.704,740735.389,31248.462,1093742.422,1103661.388,1101652.911,38754.886,1182713.88,1205148.749,1199423.466,32.547,0.225
POINT (449651.829501 38805.006302),24,5,19,2.475,17.39,14.609,7.012,18.369,19090.38,911725.188,897718.18,910659.261,34403.553,1140028.525,1143511.419,1154160.649,41619.818,1220689.234,1238956.104,1241447.425,32.548,0.351
POINT (449925.0503 35001.081639),1,1,0,0.241,10.4,10.156,7.991,11.673,21974.837,973249.724,967675.614,976668.413,34115.913,1134678.475,1143558.061,1147334.673,41039.72,1213980.347,1233000.444,1233925.965,32.55,0.317
POINT (449925.876408 14369.352412),52,2,50,1.474,50.295,17.934,33.625,51.554,3232.518,28192.202,39137.485,31702.703,11233.663,171328.684,210202.559,180875.057,27065.877,992909.182,1011556.647,1001381.955,32.55,0.13
POINT (449925.918834 16580.022108),67,2,65,2.371,43.214,17.644,26.776,44.472,5001.804,41268.114,64894.907,49308.456,19248.483,657854.73,700268.201,672631.929,31805.937,1086421.034,1100123.295,1095691.93,32.55,0.15
POINT (450016.566133 33199.834839),76,37,39,1.28,12.861,11.866,11.462,14.135,20052.263,926441.726,930281.432,931847.179,32192.694,1108838.852,1120428.624,1120914.441,39944.166,1200106.091,1219936.705,1219458.885,32.551,0.3
POINT (450116.903057 37498.47802),4,1,3,1.54,14.166,13.847,8.507,15.439,20004.108,937772.865,925082.583,938454.361,34074.898,1135844.856,1141353.689,1149096.517,41375.322,1217417.207,1236021.095,1237965.609,32.552,0.339
POINT (450237.784205 27212.228187),88,30,58,0.018,20.872,11.451,18.918,22.131,14819.484,702035.973,724820.844,713103.41,28448.082,1054331.403,1068574.358,1062537.022,36937.485,1158648.366,1181415.348,1173637.38,32.553,0.246
POINT (450260.479279 38134.038843),4,4,0,0.119,14.129,13.3,5.703,15.402,21585.696,961058.578,946869.312,962289.696,35168.111,1147941.978,1154814.012,1162859.848,41913.325,1223954.656,1242897.707,1245131.795,32.553,0.345
POINT (450336.177319 30400.307891),1,0,1,0.381,14.169,17.063,16.658,15.427,17224.098,820380.3,856197.787,833932.135,29526.666,1071505.21,1086631.367,1082527.127,38583.404,1181191.526,1202097.106,1199320.18,32.554,0.275
POINT (450411.721384 36077.004242),2,2,0,1.368,11.57,12.018,7.631,12.844,20861.3,958465.311,947781.334,960160.349,33815.996,1132502.252,1139219.76,1144713.553,41058.608,1214701.024,1232748.401,1234499.652,32.554,0.326
POINT (450508.847429 759.364449),56,19,37,23.707,83.946,49.369,65.061,84.926,14.592,182.357,176.674,130.664,212.925,2805.172,2577.981,2492.956,1538.528,15107.597,18627.621,15997.558,32.555,0.007
POINT (450579.189391 36754.257242),1,0,1,0.052,10.406,9.858,4.665,11.679,23630.443,1000699.268,989225.591,1003207.744,35998.589,1155647.178,1166408.528,1171290.782,42053.267,1225223.883,1245283.757,1246408.09,32.556,0.333
POINT (450652.993644 31269.895544),2,0,2,0.158,13.062,15.678,15.273,14.32,17988.826,853728.315,883161.998,865892.71,29975.88,1077633.672,1092365.479,1088799.114,38967.69,1186744.11,1207166.965,1205371.827,32.557,0.283
POINT (450691.748777 25762.014909),96,16,80,2.181,22.269,10.056,17.524,23.527,14952.489,665659.363,693777.91,680350.689,28930.027,1061841.163,1073739.739,1069553.599,37143.097,1162958.913,1184351.045,1177561.792,32.557,0.233
POINT (450767.899327 41126.928198),1,1,0,0.094,16.437,13.673,6.066,17.417,20962.6,946508.568,927614.781,945101.321,35496.031,1153891.507,1157500.151,1168517.374,42231.164,1230060.872,1250173.79,1252979.061,32.558,0.372
POINT (450816.478263 28738.674855),7,2,5,0.454,17.388,15.326,21.623,18.646,15233.446,746650.079,788933.04,762546.806,28427.801,1054080.996,1071084.851,1064559.063,37367.472,1162877.996,1185802.603,1179187.463,32.558,0.26
POINT (451035.427675 17650.689946),4,3,1,2.79,44.012,19.42,26.888,45.27,4528.46,36459.972,58722.237,44089.802,18523.571,628063.888,659875.194,637584.513,31594.601,1083802.581,1096944.499,1093024.717,32.56,0.16
POINT (451088.614953 37541.707252),1,1,0,0.371,11.554,11.281,3.788,12.932,23402.062,991511.645,977138.219,993030.884,36228.214,1159270.17,1168387.014,1175431.563,42254.982,1227633.431,1247549.83,1249309.913,32.56,0.34
POINT (451223.06928 39203.956833),5,0,5,0.629,12.651,9.871,2.274,13.631,24750.084,1007490.989,992280.37,1009166.466,37181.528,1170994.145,1180341.483,1187835.909,42734.829,1234096.776,1254771.326,1256665.098,32.562,0.355
POINT (451565.753733 38214.667637),13,1,12,0.19,10.736,9.458,1.965,12.113,25166.619,1017872.683,1004128.255,1020395.867,37284.456,1171232.676,1181993.791,1188351.168,42698.886,1233271.254,1253752.679,1255489.483,32.565,0.346
POINT (451592.857409 46079.110897),11,0,11,0.16,30.376,28.926,19.912,31.266,8812.736,406614.151,423542.543,415289.506,25221.586,1014137.97,987044.928,1013016.617,37804.796,1183218.969,1190560.77,1202091.658,32.565,0.417
POINT (451760.311786 34161.403809),36,23,13,0.796,6.057,16.155,13.308,7.33,21318.61,979682.873,979035.507,983847.321,33127.572,1119642.156,1130483.166,1132812.469,40856.758,1209567.721,1229674.388,1230362.405,32.566,0.309
POINT (451880.852656 42128.635985),73,26,47,0.696,21.123,19.673,10.659,22.013,16676.452,845753.351,834605.709,844617.915,32904.59,1124438.648,1119077.142,1135583.064,41216.425,1215665.888,1235009.338,1238484.688,32.568,0.381
POINT (451882.667507 32948.849108),4,0,4,1.657,8.416,15.741,15.336,9.674,20081.888,945354.219,950574.798,950380.525,31783.413,1099979.173,1114368.493,1112926.31,40189.302,1201486.14,1221797.014,1221753.788,32.568,0.298
POINT (451904.818902 35318.83575),1,0,1,0.613,7.525,15.78,8.286,8.798,21857.203,993184.905,981287.453,995114.215,33829.8,1129858.177,1138934.824,1143344.75,41268.713,1215356.895,1234403.956,1236022.329,32.568,0.32
POINT (451929.319528 30728.234542),6,2,4,1.273,10.355,19.824,19.419,11.613,19233.74,900527.717,928186.827,911425.956,30903.658,1087024.871,1103480.609,1099353.759,39583.538,1192137.541,1213160.017,1211207.125,32.568,0.278
POINT (451998.482275 35100.926595),2,0,2,0.076,5.362,16.119,9.9,6.669,22257.089,997047.484,992946.297,1001489.913,33947.073,1130226.342,1140370.879,1144048.566,41282.2,1215106.846,1234804.473,1236087.258,32.569,0.318
POINT (452106.414272 34683.637086),1,0,1,0.063,4.235,15.925,10.771,5.509,22432.833,996787.714,996408.232,1002033.997,33958.647,1129686.932,1140487.618,1143688.81,41301.683,1215309.211,1235036.265,1236281.772,32.57,0.314
POINT (452125.12364 29521.204757),27,2,25,1.664,13.864,18.633,22.25,15.122,16987.945,813821.046,860333.722,831004.634,29252.873,1065341.568,1083345.181,1077007.28,38361.484,1175862.249,1197404.393,1193408.462,32.57,0.267
POINT (452144.303759 34949.666868),1,1,0,0.235,4.4,17.777,10.419,5.673,21702.329,989664.947,986902.121,994027.605,33488.668,1123854.486,1134622.753,1137606.814,41135.178,1212440.742,1232485.878,1233687.663,32.57,0.316
POINT (452228.093023 34903.980027),79,33,46,0.065,4.047,17.562,10.433,5.32,21958.677,991299.731,990740.369,996265.797,33549.994,1124244.652,1135358.735,1138150.304,41173.428,1213385.567,1232998.011,1234329.456,32.571,0.316
POINT (452434.021063 35171.284976),1,0,1,0.207,3.662,17.291,9.448,5.013,22055.734,993615.333,991717.953,998635.438,33742.019,1126807.342,1137674.532,1140995.847,41255.793,1213676.046,1233741.294,1234982.076,32.573,0.318
POINT (452524.773713 33969.045151),4,0,4,0.596,4.011,18.461,12.734,5.27,21608.691,980821.238,985993.01,986760.31,33070.503,1117421.748,1129559.566,1131248.756,40894.329,1209806.8,1229442.768,1230628.261,32.573,0.307
POINT (452576.4942 12930.165079),6,0,6,3.669,61.058,28.696,44.387,62.316,1061.749,13237.346,12855.048,13104.132,4671.974,38310.748,57249.791,44694.011,15768.764,396939.941,412399.061,397226.349,32.574,0.117
POINT (452649.530683 37027.492434),2,0,2,0.827,7.751,13.446,5.56,8.073,23417.986,1010355.337,999217.457,1013326.315,35410.449,1148537.457,1158237.001,1163964.706,41942.46,1223065.907,1242963.822,1244611.887,32.574,0.335
POINT (452992.100833 33099.131065),6,1,5,0.423,4.43,16.834,13.754,5.688,21946.926,978475.165,989599.781,986150.204,33176.292,1116917.653,1130969.541,1131252.468,40879.182,1209009.309,1229680.782,1230014.513,32.578,0.299
POINT (453005.907676 43302.441888),27,5,22,1.228,21.871,20.421,11.408,22.762,15907.592,824140.094,817790.979,824823.839,31893.075,1110336.527,1103514.172,1120346.819,40760.756,1208364.082,1226784.256,1230134.841,32.578,0.392
POINT (453058.305336 43704.216068),1,1,0,1.396,22.749,21.299,12.285,23.639,14957.163,792809.74,791951.289,795240.016,31246.046,1102282.685,1094263.373,1111577.909,40435.613,1205314.391,1222172.811,1226562.156,32.578,0.395
POINT (453080.211387 37992.427767),11,5,6,0.806,10.637,14.279,5.399,10.956,22117.218,989448.075,971808.286,989377.652,35101.822,1144828.836,1154298.813,1160363.324,41828.712,1221352.794,1241332.128,1243026.437,32.578,0.344
POINT (453096.641331 36580.388849),1,1,0,0.159,6.156,14.588,6.699,6.502,22864.649,1004762.5,994460.738,1007215.937,34944.626,1141996.912,1152420.245,1157357.178,41753.953,1220437.245,1240338.308,1241877.796,32.578,0.331
POINT (453122.382161 35310.893112),46,28,18,0.109,2.674,16.98,9.137,4.052,22203.105,994662.729,993715.482,999875.886,33916.315,1128810.59,1139751.362,1143300.762,41352.115,1214483.775,1234673.542,1235914.353,32.579,0.319
POINT (453129.331245 41428.899582),8,0,8,1.336,17.407,15.957,6.943,18.297,20061.852,930937.746,909498.253,927867.963,34906.763,1145775.541,1149584.739,1160590.067,42029.962,1222840.379,1244279.748,1245812.644,32.579,0.375
POINT (453169.830477 23585.54286),35,7,28,0.082,28.676,9.79,17.257,29.934,13294.297,382005.454,406337.623,390257.545,28498.551,1039090.129,1057477.291,1049148.756,36876.94,1161743.42,1180951.728,1175585.71,32.579,0.213
POINT (453249.425328 39648.205841),33,16,17,1.173,15.58,14.131,5.117,16.471,21032.796,952754.625,935150.734,951821.971,35355.808,1150121.514,1156382.689,1165646.171,42018.397,1223747.494,1243698.149,1245637.463,32.58,0.359
POINT (453415.464845 35117.857267),167,107,60,0.26,2.4,18.21,10.367,3.778,21602.336,986069.081,986276.326,991121.737,33377.785,1121735.168,1133231.261,1136060.848,41073.274,1210915.524,1230922.316,1232282.473,32.581,0.318
POINT (453542.980296 34663.152366),88,9,79,0.33,0.66,18.886,11.043,2.038,21974.969,987358.773,992663.262,993590.141,33610.923,1124511.09,1136007.558,1139081.842,41160.327,1212680.892,1232073.339,1233945.418,32.583,0.314
POINT (453590.70565 31412.374213),115,61,54,0.06,9.369,18.887,18.482,10.628,19498.997,922493.237,942852.305,930720.793,31077.015,1088252.919,1105553.199,1101650.801,39838.514,1196039.913,1216481.218,1215850.222,32.583,0.284
POINT (453608.401408 36872.81551),2,0,2,1.628,9.84,16.488,8.572,10.106,21031.512,978384.61,964216.913,978607.942,33985.437,1130600.763,1140661.687,1145166.328,41275.339,1214156.884,1233947.058,1235492.122,32.583,0.334
POINT (453636.070228 49739.85509),36,3,33,2.282,40.224,38.774,29.539,41.114,5149.31,117904.887,97584.61,116872.298,18548.83,776923.938,798266.429,796091.862,33070.672,1123672.603,1116557.545,1138005.517,32.583,0.45
POINT (453680.30925 36638.736689),1,1,0,1.251,7.293,15.865,7.95,6.526,21787.242,992137.323,980946.812,993596.273,34343.433,1134899.423,1145050.287,1149737.694,41510.523,1216895.777,1236944.8,1238486.306,32.584,0.331
POINT (453711.142324 37389.508804),1,0,1,0.37,9.069,15.685,7.207,9.365,22109.101,991850.065,980264.03,993800.521,34627.16,1138152.271,1148436.641,1153470.289,41589.163,1218005.622,1238040.325,1239748.579,32.584,0.338
POINT (453721.51596 36133.455389),1,0,1,0.097,5.262,15.566,7.676,4.494,22695.276,1002724.517,997437.469,1006903.703,34733.328,1139511.387,1149720.957,1154657.327,41721.466,1219948.622,1239694.327,1241467.56,32.584,0.327
POINT (453948.402632 43153.175312),16,2,14,0.392,24.321,23.262,14.248,24.64,14381.618,740993.278,760871.288,755198.217,30563.118,1088123.671,1081526.337,1098145.917,40170.131,1202184.312,1218933.46,1224300.231,32.586,0.39
POINT (453960.220503 36551.127569),1,1,0,0.496,6.956,18.292,10.377,6.034,21276.769,983451.836,977417.28,986172.163,33718.741,1125761.679,1137297.795,1141023.105,41196.941,1213082.337,1232367.358,1234672.184,32.586,0.331
POINT (454315.676388 95836.116708),3,0,3,104.406,212.828,210.064,202.457,213.807,0.0,0.0,0.0,0.0,0.0,0.0,0.0,0.0,0.0,0.0,0.0,0.0,32.589,0.867
POINT (454339.662948 33226.19275),17,14,3,0.057,6.015,21.56,15.339,7.273,20058.826,956747.124,965337.349,962582.941,31912.978,1099143.299,1115531.142,1114008.307,40146.331,1200347.236,1219240.724,1221227.723,32.59,0.301
POINT (454406.433375 30243.516991),1,1,0,0.824,14.453,23.971,23.566,15.711,15187.375,805502.704,845699.172,819436.206,27416.036,1041562.837,1061115.416,1053177.396,37392.568,1167989.0,1184645.999,1185574.491,32.59,0.274
POINT (454437.776151 37958.103491),7,3,4,0.023,10.416,17.412,6.471,9.487,21504.081,979877.689,969224.305,981341.887,34392.275,1134876.497,1145396.632,1150571.825,41471.767,1215859.982,1236004.182,1237880.846,32.591,0.343
POINT (454652.479119 36538.851889),251,182,69,1.492,8.599,20.087,12.171,7.646,19839.589,963512.724,955188.353,964399.683,32849.367,1113812.527,1126740.077,1129319.633,40723.413,1207651.076,1225953.445,1229104.565,32.592,0.331
POINT (454837.381292 40795.465504),4,1,3,0.444,19.812,18.879,4.465,18.289,19908.563,920420.745,906314.789,920525.518,34432.846,1138962.956,1141763.747,1154726.993,41770.723,1219067.383,1239027.349,1241596.728,32.594,0.369
POINT (455014.032095 34156.854175),10,5,5,0.277,7.106,22.65,16.059,6.75,19449.839,949014.973,956778.492,954545.149,31545.737,1093946.502,1111061.892,1109229.049,39914.419,1197507.212,1215944.014,1218623.148,32.596,0.309
POINT (455099.641495 38409.314637),4,3,1,0.29,12.662,16.002,4.76,11.733,22037.63,982175.645,970090.166,983478.415,35159.86,1145279.017,1154475.039,1161570.948,41876.247,1220888.915,1241245.568,1243108.964,32.596,0.347
POINT (455267.334588 20780.164336),77,14,63,10.297,44.021,22.85,30.318,45.279,3680.852,34697.121,62152.934,44328.798,16072.017,504271.958,516078.413,506581.607,29642.149,1059688.011,1075988.781,1069159.306,32.598,0.188
POINT (455267.997027 40344.471999),254,156,98,0.194,17.666,17.342,4.49,16.143,20909.265,948921.633,934083.639,949051.115,35069.018,1146272.231,1151733.956,1162570.011,41977.448,1220937.579,1242069.327,1243783.013,32.598,0.365
POINT (455409.031142 33320.105919),6,5,1,1.437,11.084,26.629,20.038,10.729,16216.571,891435.857,903213.839,896247.404,28793.675,1056028.522,1077865.688,1070085.078,38004.972,1176114.36,1190416.093,1194837.826,32.599,0.301
POINT (455411.150978 29977.848338),1,0,1,0.511,16.373,26.495,25.697,17.631,13905.796,776000.621,817748.536,790372.004,26004.094,1020882.058,1043569.154,1032239.273,36208.526,1154391.755,1168915.188,1170676.592,32.599,0.271
POINT (455489.947775 23211.880191),35,4,31,0.464,33.107,14.527,21.995,34.365,9008.756,157812.197,194222.183,168932.256,25249.378,978503.194,1000278.124,989234.18,34772.347,1135413.646,1153449.767,1147036.883,32.6,0.21
POINT (455490.954525 48634.423016),123,29,94,0.31,33.75,32.3,21.576,34.64,9239.583,242906.949,243918.337,247792.753,24268.937,975033.073,956868.978,977702.247,37619.436,1183917.917,1191891.046,1205439.052,32.6,0.44
POINT (455558.412374 33733.01774),1,0,1,0.443,9.236,24.781,18.19,8.881,17550.609,914887.405,925996.528,920051.105,30100.593,1073251.121,1093622.802,1088199.515,38947.868,1186661.978,1202991.312,1206477.755,32.601,0.305
POINT (455569.31052 34438.691765),4,3,1,0.416,10.276,25.802,17.887,8.607,17283.973,917404.416,925329.243,921400.679,29845.353,1069783.768,1090525.248,1084771.309,38663.166,1184163.738,1198820.973,1203607.343,32.601,0.312
POINT (455607.494442 42694.384026),407,132,275,3.579,24.621,22.969,8.555,25.237,15557.062,786651.799,793953.543,793538.05,31315.144,1093712.192,1091582.788,1105990.808,40290.271,1202688.367,1219092.404,1224733.105,32.601,0.386
POINT (455890.964829 36165.201077),3,2,1,0.332,7.718,21.151,9.909,6.101,21115.974,978399.345,975542.023,982589.192,33300.883,1117685.039,1132105.175,1134720.08,40834.893,1208681.959,1226658.811,1230385.432,32.604,0.327
POINT (455947.50769 30446.235228),9,5,4,0.181,15.594,25.716,24.918,16.852,14511.156,795632.645,835672.066,808848.588,26568.351,1028180.261,1050729.13,1039975.169,36786.324,1160591.541,1176564.058,1177730.763,32.604,0.275
POINT (456016.851343 39671.294431),103,53,50,1.662,17.02,15.409,2.064,17.906,21962.945,961782.05,944418.944,961941.362,35922.965,1156183.267,1162246.997,1173034.875,42380.789,1227178.641,1247530.839,1249663.791,32.605,0.359
POINT (456046.523877 29843.828642),6,1,5,2.32,18.894,29.016,28.218,20.152,11705.019,723332.064,753287.826,735545.164,24162.797,996062.424,1019784.688,1006551.241,34673.548,1134498.964,1149545.791,1149653.979,32.605,0.27
POINT (456198.124642 37134.560846),276,220,56,1.378,12.944,22.749,11.507,11.305,18878.316,940148.863,932807.796,941118.182,32255.249,1105170.448,1119200.988,1122085.702,40203.363,1201777.178,1218031.698,1223109.37,32.606,0.336
POINT (456240.282804 33842.895279),10,9,1,2.069,11.902,27.429,19.513,10.233,15603.137,889697.053,894312.268,891987.223,28434.588,1052623.028,1073479.34,1067021.496,37617.346,1171846.683,1184804.97,1190164.272,32.607,0.306
POINT (456248.132463 57536.690016),49,0,49,5.187,63.538,62.088,51.364,64.429,766.662,10712.941,12443.293,12546.771,2686.941,43317.195,46087.661,48732.508,10226.251,284566.865,287697.105,289409.191,32.607,0.521
POINT (456362.39112 24471.930505),15,3,12,0.851,31.787,18.1,25.567,33.045,7733.219,154580.254,183816.621,164639.149,22849.833,925144.584,954448.019,936634.379,32976.057,1112689.616,1129867.646,1122832.981,32.608,0.221
POINT (456380.419294 31833.406019),53,34,19,0.136,12.726,28.008,22.051,13.985,15183.166,852019.652,873011.414,859221.391,27350.135,1036681.851,1060492.77,1049541.989,37086.315,1165631.388,1178918.05,1182912.36,32.608,0.288
POINT (456603.00232 32717.659606),211,131,80,0.732,12.848,28.394,22.172,13.272,14805.566,853473.06,871202.3,859298.002,27438.654,1038776.514,1061518.531,1052073.555,36950.57,1163821.881,1177111.285,1181390.114,32.61,0.296
POINT (456761.850091 51295.98265),205,24,181,3.162,44.341,42.891,32.167,45.232,3371.938,63818.024,56649.769,65424.875,14381.554,559584.348,599875.603,586762.803,29283.975,1070539.986,1057253.286,1079801.398,32.611,0.464
POINT (456855.727239 36200.533819),94,53,41,0.243,8.057,23.139,10.497,6.4,20912.036,972191.91,972243.68,977803.748,32781.946,1108656.635,1125766.459,1126637.044,40413.354,1204144.288,1220238.272,1225507.271,32.612,0.328
POINT (457011.642714 31783.987447),1,0,1,0.586,14.888,30.17,24.212,16.146,13266.254,804368.868,824837.597,811051.771,25787.736,1018023.536,1041331.439,1029517.077,35823.196,1149972.731,1163006.527,1166115.41,32.614,0.288
POINT (457159.740793 41781.313096),58,22,36,0.797,22.837,21.186,6.772,23.425,17526.78,840372.814,842557.14,846091.022,32666.91,1113204.94,1112318.028,1126750.464,40988.393,1210349.862,1228525.788,1232772.711,32.615,0.378
POINT (457159.800527 43107.704391),59,16,43,5.37,30.092,28.441,14.019,26.845,11516.207,569677.527,604416.902,588230.116,26680.85,1032039.851,1023167.199,1039318.082,38109.275,1179048.692,1189922.607,1198974.751,32.615,0.39
POINT (457228.189906 26896.992385),20,16,4,0.165,23.129,23.907,31.374,24.387,10637.995,596636.32,610381.559,606553.461,22890.498,964473.96,989776.399,973969.076,34031.032,1120337.319,1141411.961,1133245.466,32.616,0.243
POINT (457512.331955 38197.831889),253,122,131,0.319,13.346,20.91,6.761,11.707,20562.482,960542.58,951518.019,962408.891,33786.7,1125995.993,1137633.345,1143227.179,41101.925,1210741.584,1229895.474,1233231.431,32.618,0.346
POINT (457715.601814 27633.12512),168,99,69,0.601,25.59,25.987,33.455,26.848,8772.629,522100.334,527075.396,526154.841,21506.64,930022.798,965757.182,942296.301,33039.227,1106263.884,1129299.213,1119488.144,32.62,0.25
POINT (457715.68578 30396.438037),169,95,74,1.813,18.588,33.13,27.912,19.846,11205.683,720071.76,743377.114,729002.724,23646.317,987204.777,1013870.661,997878.614,34498.411,1131978.643,1146736.676,1146834.877,32.62,0.275
POINT (457715.816766 34265.076318),10,2,8,0.222,13.009,28.522,17.934,11.348,15541.659,883564.289,879414.014,883421.355,28647.142,1058201.881,1075856.931,1073269.771,37687.147,1173141.472,1185401.138,1191949.264,32.62,0.31
POINT (457716.054269 40344.365572),9,1,8,0.944,19.643,21.151,5.502,18.004,19138.587,899183.524,893616.894,902390.949,33508.859,1125928.176,1130897.993,1142248.489,41216.119,1212914.792,1231214.419,1235396.55,32.62,0.365
POINT (457760.770252 44959.097175),67,23,44,0.319,31.47,31.103,15.262,28.088,10568.8,388009.312,429276.977,408991.089,25996.28,1020744.006,1006426.935,1025845.125,38022.907,1178694.813,1189574.844,1199327.148,32.62,0.407
POINT (457918.337021 34217.540092),121,98,23,0.416,13.776,29.289,18.701,12.115,14888.533,865068.454,860166.396,864362.848,28049.228,1051230.981,1068578.273,1065781.562,37311.823,1167809.049,1180767.951,1186681.382,32.622,0.31
POINT (458036.976986 60385.4346),1,0,1,1.594,67.118,65.668,54.945,68.009,791.409,12255.711,17340.446,15954.554,2133.118,35616.128,37011.624,38810.055,7634.509,186576.024,172963.691,188638.638,32.623,0.546
POINT (458092.084187 41081.391492),1,1,0,0.408,21.673,23.963,5.465,18.291,17793.908,847908.375,850121.621,855026.064,32057.535,1108627.857,1109965.644,1123403.264,40458.319,1204939.055,1220024.663,1226491.594,32.623,0.372
POINT (458185.371559 40420.624321),1,0,1,0.104,19.794,22.084,3.586,16.412,19365.67,899181.534,895071.272,903661.423,33406.61,1124105.651,1129555.067,1140809.326,41148.688,1212306.122,1229653.046,1234641.844,32.624,0.366
POINT (458229.650746 26319.774764),1,1,0,1.202,26.723,24.314,31.782,27.981,8629.226,440743.981,437931.123,442572.811,21270.766,912479.28,951027.099,925420.339,32437.684,1099990.59,1122174.109,1111646.681,32.625,0.238
POINT (458240.781425 32459.190641),5,2,3,0.484,16.468,31.995,24.079,14.799,12672.307,798482.051,811582.331,803549.194,25498.345,1017467.885,1038048.937,1029481.456,35545.041,1145693.429,1159211.158,1162739.938,32.625,0.294
POINT (458403.276117 27156.710586),90,64,26,0.959,25.936,26.327,33.794,27.194,8133.343,488726.179,483907.502,486631.357,21303.384,923898.853,962442.551,937075.506,32851.917,1103868.373,1127036.807,1117063.38,32.626,0.246
POINT (458518.361348 40664.876092),92,33,59,0.843,19.962,18.351,1.833,14.927,20590.168,915598.908,908516.289,919804.136,35075.677,1145893.176,1148496.546,1162439.164,42155.46,1223736.34,1243698.687,1246487.403,32.627,0.368
POINT (458773.005262 36180.565468),95,80,15,2.466,15.536,30.618,17.299,13.879,14511.865,834739.593,835205.222,835803.786,27848.115,1051998.763,1065894.331,1066307.979,37112.902,1165441.709,1178136.333,1184317.669,32.63,0.327
POINT (458804.225052 37839.655745),27,16,11,1.221,13.553,27.403,6.503,11.914,18466.615,918170.907,915697.074,923895.831,31111.004,1088927.035,1105136.169,1107302.654,39060.729,1189114.261,1202141.069,1209379.335,32.63,0.342
POINT (459162.69962 42002.291133),252,86,166,3.939,27.732,28.643,11.524,24.35,12702.294,635013.732,664823.139,651211.978,27428.894,1045060.852,1037067.449,1053389.053,38304.7,1181058.76,1192567.205,1201146.399,32.633,0.38
POINT (459191.227669 40601.999502),2,0,2,0.394,20.536,18.859,0.588,13.586,20650.502,913431.633,907575.477,918173.908,34945.252,1143547.126,1145466.121,1159948.471,42260.514,1224860.4,1245043.951,1247786.176,32.633,0.367
POINT (459665.513501 38307.174525),4,0,4,0.914,16.043,25.496,6.624,14.3,18530.225,910481.594,903922.497,914589.511,31749.597,1099456.619,1112308.693,1117331.39,39827.816,1197865.504,1211915.74,1218940.067,32.638,0.347
POINT (459759.298855 45803.472322),38,10,28,3.357,37.756,37.388,18.803,31.161,6404.234,127967.62,139432.47,134465.864,20636.371,885256.523,886280.284,894137.348,34491.785,1136514.575,1137934.409,1152325.744,32.638,0.414
POINT (459974.540697 28746.121363),14,8,6,3.168,26.87,34.773,36.194,28.128,6060.981,416816.282,397721.457,408663.039,18513.983,877000.478,919532.933,890682.204,30156.261,1072372.544,1094424.226,1085527.979,32.64,0.26
POINT (460142.149511 47264.691678),26,6,20,1.192,39.553,39.186,20.6,32.959,6010.686,111937.973,112995.616,117147.006,19410.351,838391.879,841774.874,847993.853,33384.814,1122398.704,1121628.133,1137448.327,32.642,0.428
POINT (460142.93615 62951.878536),4,0,4,0.791,74.898,73.448,62.724,75.788,656.311,12758.589,17816.778,16345.738,1361.103,25486.639,27158.3,27054.486,4198.161,78619.898,74879.208,81517.026,32.642,0.57
POINT (460157.233589 35101.720389),91,74,17,2.396,18.807,33.889,20.192,17.151,12291.906,738429.312,759638.811,746224.564,25464.51,1024958.009,1036520.894,1037504.703,35777.161,1147771.22,1161844.155,1166524.552,32.642,0.318
POINT (460497.951864 40896.91304),191,81,110,1.881,22.242,22.509,3.237,12.909,18415.436,856289.013,859634.97,864069.374,32849.799,1116411.928,1117914.596,1131815.853,41060.49,1211471.005,1229026.815,1234068.994,32.645,0.37
POINT (460530.151961 39117.342964),119,69,50,0.357,18.949,25.688,4.063,11.739,17850.486,863699.214,866713.018,872034.608,31692.785,1101987.735,1109795.437,1119100.015,40044.111,1199603.785,1215081.276,1221459.692,32.645,0.354
POINT (460754.856627 33312.239007),1,1,0,0.12,19.415,34.497,21.365,17.758,11433.822,717258.847,738044.081,724422.581,24464.704,1013291.635,1024266.651,1024356.987,35182.992,1139908.228,1154720.756,1158411.183,32.647,0.301
POINT (460824.165765 45177.812078),1119,276,843,2.75,36.753,36.385,17.8,30.159,6901.303,143736.913,159128.855,151319.013,21439.378,909197.593,906281.643,917123.777,35225.775,1146174.528,1148964.398,1162925.217,32.648,0.409
POINT (461006.45305 40270.175404),69,37,32,0.369,22.373,25.411,6.913,14.891,17131.911,822141.879,827271.769,830859.75,31318.135,1098605.05,1099389.023,1113203.549,40092.864,1201167.051,1215103.399,1222540.939,32.65,0.364
POINT (461054.542085 46055.427517),31,4,27,0.608,37.689,37.321,18.736,31.094,6584.156,130606.554,142284.712,137387.554,20837.186,888903.251,889677.987,897872.569,34649.994,1138918.262,1140732.86,1155045.959,32.65,0.417
POINT (461272.484426 42403.435518),186,113,73,0.661,27.881,26.7,8.041,20.399,15085.923,705176.434,734678.116,725422.419,29399.857,1065857.477,1060767.382,1076990.113,39648.682,1197140.913,1209114.329,1218094.283,32.652,0.384
POINT (461422.324826 31656.391268),29,22,7,3.272,25.643,40.726,27.593,23.987,6951.103,499818.616,547689.778,520028.458,19139.798,945032.872,947288.452,950202.978,31468.931,1091194.08,1109874.325,1108829.258,32.653,0.286
POINT (461477.526213 63144.831872),3,0,3,3.913,80.213,78.763,68.039,81.103,529.169,11116.675,15930.321,14626.485,1049.347,20023.115,23385.588,22112.709,3029.4,50409.804,49966.777,52586.815,32.654,0.571
POINT (461722.089371 43770.699453),446,135,311,3.093,33.033,31.852,13.193,25.552,9261.436,285455.249,309423.466,296061.439,25198.978,999096.118,988675.873,1006695.481,37525.684,1173750.482,1181089.646,1193187.118,32.656,0.396
POINT (461880.325072 48938.068328),31,4,27,1.08,44.976,44.609,26.023,38.382,4178.203,69964.218,61846.964,72178.912,14626.79,542284.839,581640.078,565369.909,29114.597,1067751.631,1057877.672,1077398.902,32.657,0.443
POINT (462009.18716 43199.855741),1,1,0,0.11,29.929,28.748,10.089,22.447,13189.039,569815.053,609742.109,592492.584,27952.107,1048090.228,1038463.139,1057251.981,38978.845,1189975.552,1200354.234,1210347.268,32.659,0.391
POINT (462175.756139 34729.159273),9,4,5,3.139,24.595,39.677,26.545,22.938,7899.806,552727.116,591212.323,568290.444,20516.636,962976.147,968313.225,970180.203,32420.068,1101668.452,1121323.442,1120367.787,32.66,0.314
POINT (463388.843529 40247.979195),97,39,58,2.081,30.307,33.345,14.847,22.825,8372.754,286558.129,322554.512,299677.063,24138.559,998487.335,988178.033,1003973.393,36467.451,1159620.045,1169467.421,1178749.417,32.671,0.364
POINT (463671.126066 64197.982723),7,0,7,1.008,87.887,86.437,70.229,82.588,472.737,11353.044,14901.774,13717.66,1300.958,23046.119,26123.431,24782.128,3353.871,52417.865,51126.791,54025.802,32.674,0.581
POINT (463871.582911 34501.409694),18,10,8,10.33,31.815,46.898,33.765,30.159,2630.534,174752.559,146584.032,159071.215,13851.233,803375.227,810059.513,806432.795,26989.047,1042012.469,1055424.895,1055673.992,32.675,0.312
POINT (464558.463793 43644.579842),81,18,63,0.695,36.989,35.808,17.149,29.508,7334.49,137721.419,152844.571,147464.923,22808.118,923275.146,922615.812,934607.099,36076.952,1156583.655,1162670.718,1175877.571,32.681,0.395
POINT (466061.622016 39238.731097),39,5,34,3.171,32.41,38.711,15.48,7.119,5978.092,165768.943,168863.96,171835.009,21053.549,928290.589,927188.022,936607.97,33966.348,1127260.114,1138875.155,1146490.53,32.695,0.355
POINT (466961.924792 42035.150921),64,15,49,3.337,37.57,43.42,20.188,24.036,5440.159,72844.002,79446.027,81936.11,18215.095,816443.515,823744.568,828617.0,31598.99,1109136.338,1117201.833,1131086.275,32.703,0.38
POINT (467318.53779 55602.889493),19,0,19,0.242,74.782,73.332,56.187,59.131,500.669,6032.333,5992.2,6649.211,2702.307,34557.219,32448.172,36928.249,9155.501,146866.169,136893.204,156305.033,32.706,0.503
POINT (467816.621396 45263.747504),18,1,17,6.376,50.421,51.984,33.04,36.888,1994.299,22244.812,23817.066,26664.459,9250.824,159413.783,168712.821,172462.853,23762.073,944055.491,942089.239,954613.964,32.711,0.41
POINT (468012.160965 40987.276804),1,0,1,0.098,31.431,37.281,14.05,17.898,8771.926,231196.616,236316.554,240819.89,23494.641,972113.588,969405.369,981314.226,35830.613,1167135.44,1191486.408,1200718.751,32.713,0.371
POINT (469116.105329 39373.483187),182,25,157,3.466,37.714,43.564,20.332,21.502,4996.525,65375.652,73380.771,73690.396,17334.631,801268.036,809113.134,812287.01,30985.923,1101530.806,1109658.398,1123007.675,32.722,0.356
POINT (469711.301758 71112.111572),3,0,3,14.655,122.638,121.188,110.464,123.529,12.179,1683.229,585.002,947.631,103.962,5772.088,4993.515,5406.324,311.424,10619.572,12695.712,11909.993,32.728,0.643
POINT (472738.064381 39017.47034),397,21,376,0.432,42.109,47.959,24.727,8.331,4607.716,46795.537,55312.866,55445.184,13963.027,519004.31,583791.511,555626.814,27974.393,1076907.142,1095118.79,1105629.035,32.755,0.353
POINT (473602.252042 40314.500541),1,0,1,4.431,45.978,51.828,28.597,14.919,3552.309,38936.481,42330.186,46160.981,10354.406,261348.615,278008.516,276659.203,24734.153,1014061.066,1024500.714,1038379.037,32.763,0.365
POINT (474176.157833 56851.182986),1,0,1,0.605,81.416,82.979,64.034,52.487,641.502,10811.273,7632.73,9876.711,2206.074,31578.834,26641.36,31320.472,6841.148,91026.185,86553.242,96535.259,32.768,0.514
POINT (476461.131662 31605.180879),16,0,16,1.065,62.864,68.714,45.483,14.509,1249.862,14502.84,14870.122,15934.702,3525.586,42469.551,42713.808,47458.475,9102.081,197031.7,200558.738,206956.329,32.788,0.286
POINT (478028.075293 71075.728908),1,0,1,9.911,128.986,130.549,111.605,100.057,18.183,1672.257,216.335,458.946,99.786,4171.463,1187.194,1975.568,272.264,8129.919,3239.231,4823.02,32.803,0.643
POINT (494346.23655 41081.829587),6,0,6,1.94,87.954,93.803,70.572,51.638,649.146,35659.521,61355.692,57806.537,1159.451,51053.486,69561.997,67101.266,2633.548,80564.1,91077.168,95121.138,32.949,0.372
POINT (496763.075726 18296.859952),1,0,1,0.145,134.841,140.691,117.459,88.717,1.3,5661.031,162.371,345.739,34.606,17722.109,4264.068,6898.646,47.004,26624.055,5080.775,8334.59,32.971,0.166
POINT (502745.122015 38691.600062),3,0,3,3.321,111.608,117.458,94.227,75.293,104.688,12244.963,13071.711,15312.083,515.708,42109.356,60523.792,59300.813,846.572,56390.14,67598.809,66782.261,33.025,0.35
POINT (516970.79601 30428.872302),3,0,3,34.679,169.079,174.929,151.698,132.763,0.0,0.0,0.0,0.0,0.0,0.0,0.0,0.0,5.704,961.365,712.205,1114.844,33.153,0.275
