unit_id,unit_name,DName2016,median,q25,q75,n,budget_local,budget_gkma,median_over_budget,q25_over_budget
Wakiso/Kasangati Town Council,Kasangati Town Council,Wakiso,600000.0,400000.0,825000.0,56.0,192472.244,164077.665,3.117,2.078
Wakiso/Ndejje Division,Ndejje Division,Wakiso,1500000.0,700000.0,3800000.0,41.0,206259.551,164077.665,7.272,3.394
Wakiso/Division A,Division A,Wakiso,1850000.0,650000.0,5550000.0,21.0,242823.994,164077.665,7.619,2.677
Wakiso/Wakiso Town Council,Wakiso Town Council,Wakiso,1100000.0,700000.0,1500000.0,57.0,187117.026,164077.665,5.879,3.741
Wakiso/Kira Division,Kira Division,Wakiso,1000000.0,700000.0,1500000.0,425.0,263614.052,164077.665,3.793,2.655
Mukono/Goma Division,Goma Division,Mukono,500000.0,300000.0,700000.0,63.0,200721.695,164077.665,2.491,1.495
Wakiso/Katabi  Town Council,Katabi  Town Council,Wakiso,1250000.0,1000000.0,2750000.0,21.0,191809.236,164077.665,6.517,5.214
Mukono/Central Division,Central Division,Mukono,300000.0,247500.0,525000.0,20.0,185774.478,164077.665,1.615,1.332
Wakiso/Bunamwaya Division,Bunamwaya Division,Wakiso,2100000.0,1500000.0,3550000.0,32.0,210297.418,164077.665,9.986,7.133
Wakiso/Bweyogerere Division,Bweyogerere Division,Wakiso,800000.0,350000.0,1300000.0,49.0,206601.833,164077.665,3.872,1.694
Wakiso/Namugongo Division,Namugongo Division,Wakiso,700000.0,500000.0,1000000.0,436.0,253928.478,164077.665,2.757,1.969
Kampala/Kawempe Division,Kawempe Division,Kampala,1200000.0,675000.0,1700000.0,215.0,254695.017,164077.665,4.712,2.65
Kampala/Nakawa Division,Nakawa Division,Kampala,2590000.0,1300000.0,7400000.0,937.0,296265.735,164077.665,8.742,4.388
Kampala/Makindye Division,Makindye Division,Kampala,1800000.0,1050000.0,3500000.0,554.0,252777.795,164077.665,7.121,4.154
Kampala/Rubaga Division,Rubaga Division,Kampala,600000.0,350000.0,1100000.0,53.0,244090.378,164077.665,2.458,1.434
Kampala/Central Division,Central Division,Kampala,5550000.0,1425000.0,11000000.0,390.0,235816.717,164077.665,23.535,6.043
