area,rent,sale_dwelling,land,households,median_income,listings,per_1000_hh,rent_per_1000_hh
Wakiso/Gombe Division,1.0,83.0,104.0,39211.0,445451.369,188.0,4.795,0.026
Wakiso/Nabweru Division,0.0,0.0,0.0,64091.0,594995.127,0.0,0.0,0.0
Wakiso/Kasangati Town Council,56.0,152.0,148.0,73139.0,641574.147,356.0,4.867,0.766
Wakiso/Ndejje Division,41.0,127.0,80.0,37215.0,687531.838,248.0,6.664,1.102
Wakiso/Division A,21.0,57.0,112.0,10581.0,809413.312,190.0,17.957,1.985
Wakiso/Division B,0.0,0.0,0.0,9395.0,565331.381,0.0,0.0,0.0
Wakiso/Kakiri,0.0,1.0,2.0,17825.0,302501.965,3.0,0.168,0.0
Wakiso/Kakiri Town Council,0.0,8.0,68.0,8791.0,463826.21,76.0,8.645,0.0
Wakiso/Kasanje,3.0,3.0,27.0,13036.0,293523.002,33.0,2.531,0.23
Mukono/Nakisunga,0.0,3.0,11.0,23994.0,329439.421,14.0,0.583,0.0
Mukono/Nagojje,0.0,0.0,0.0,11367.0,305635.137,0.0,0.0,0.0
Mukono/Kyampisi,0.0,6.0,11.0,23279.0,380811.678,17.0,0.73,0.0
Wakiso/Masuliita,0.0,0.0,0.0,3984.0,241989.128,0.0,0.0,0.0
Wakiso/Masulita Town Council,0.0,1.0,0.0,4782.0,243670.079,1.0,0.209,0.0
Wakiso/Mende,0.0,0.0,6.0,15877.0,368631.042,6.0,0.378,0.0
Wakiso/Namayumba Town Council,0.0,1.0,1.0,6841.0,281420.738,2.0,0.292,0.0
Wakiso/Kyengera Town Council,6.0,25.0,10.0,74865.0,577118.352,41.0,0.548,0.08
Wakiso/Wakiso,2.0,30.0,7.0,98504.0,577912.157,39.0,0.396,0.02
Wakiso/Wakiso Town Council,57.0,362.0,362.0,26627.0,623723.421,781.0,29.331,2.141
Wakiso/Kira Division,425.0,715.0,471.0,29571.0,878713.506,1611.0,54.479,14.372
Wakiso/Kajjansi Town Council,10.0,314.0,114.0,36201.0,570844.76,438.0,12.099,0.276
Buikwe/Wakisi Division,0.0,0.0,0.0,14837.0,280675.314,0.0,0.0,0.0
Mukono/Ntunda,0.0,0.0,0.0,4317.0,209128.001,0.0,0.0,0.0
Mpigi/Kammengo,0.0,0.0,0.0,13869.0,252268.936,0.0,0.0,0.0
Mpigi/Mpigi Town Council,0.0,9.0,64.0,12173.0,338573.728,73.0,5.997,0.0
Mpigi/Muduuma,0.0,0.0,0.0,13562.0,336729.864,0.0,0.0,0.0
Mpigi/Kiringente,0.0,1.0,0.0,8491.0,370337.423,1.0,0.118,0.0
Wakiso/Busukuma Division,0.0,16.0,30.0,19858.0,411571.704,46.0,2.316,0.0
Mukono/Goma Division,63.0,176.0,142.0,53876.0,669072.315,381.0,7.072,1.169
Mukono/Nabbaale,0.0,1.0,0.0,4606.0,292711.256,1.0,0.217,0.0
Mukono/Seeta Namuganga,0.0,0.0,0.0,8132.0,193922.957,0.0,0.0,0.0
Buikwe/Buikwe,0.0,0.0,0.0,4888.0,248150.544,0.0,0.0,0.0
Buikwe/Ssi-Bukunja,0.0,0.0,0.0,9060.0,214772.252,0.0,0.0,0.0
Buikwe/Ngogwe,0.0,0.0,0.0,10851.0,246031.328,0.0,0.0,0.0
Buikwe/Najja,0.0,0.0,3.0,12112.0,236729.339,3.0,0.248,0.0
Buikwe/Nyenga Division,0.0,0.0,0.0,13929.0,233569.122,0.0,0.0,0.0
Wakiso/Namayumba,0.0,0.0,0.0,6139.0,199885.547,0.0,0.0,0.0
Mukono/Kimenyedde,0.0,0.0,0.0,8697.0,256598.419,0.0,0.0,0.0
Luwero/Makulubita,0.0,2.0,0.0,12707.0,264360.517,2.0,0.157,0.0
Luwero/Luwero,0.0,0.0,3.0,11805.0,244082.608,3.0,0.254,0.0
Luwero/Kikyusa,0.0,0.0,0.0,6640.0,197125.21,0.0,0.0,0.0
Luwero/Zirobwe,0.0,0.0,1.0,10435.0,205305.304,1.0,0.096,0.0
Luwero/Katikamu,0.0,0.0,0.0,15123.0,315310.442,0.0,0.0,0.0
Luwero/Bamunanika,0.0,0.0,0.0,6088.0,237464.547,0.0,0.0,0.0
Luwero/Nyimbwa,0.0,0.0,0.0,8270.0,362705.723,0.0,0.0,0.0
Luwero/Kalagala,0.0,6.0,8.0,18427.0,339597.986,14.0,0.76,0.0
Luwero/Bombo Town Council,1.0,2.0,43.0,7601.0,509635.398,46.0,6.052,0.132
Luwero/Butuntumula,0.0,0.0,1.0,11191.0,227031.46,1.0,0.089,0.0
Luwero/Kamira,0.0,0.0,0.0,6463.0,174284.908,0.0,0.0,0.0
Mukono/Mpatta,0.0,0.0,0.0,6060.0,246669.13,0.0,0.0,0.0
Wakiso/Katabi  Town Council,21.0,48.0,72.0,48515.0,639364.121,141.0,2.906,0.433
Luwero/Luwero Town Council,0.0,0.0,0.0,20706.0,445509.985,0.0,0.0,0.0
Buikwe/Buikwe Town Council,0.0,0.0,0.0,5332.0,308683.536,0.0,0.0,0.0
Buikwe/Kawolo Division,0.0,0.0,0.0,13856.0,307430.322,0.0,0.0,0.0
Buikwe/Central Division,0.0,1.0,5.0,11831.0,504500.349,6.0,0.507,0.0
Buikwe/Najjembe Division,0.0,1.0,2.0,9872.0,252157.35,3.0,0.304,0.0
Buikwe/Njeru Division,0.0,0.0,0.0,24956.0,462370.793,0.0,0.0,0.0
Buikwe/Nkokonjeru Town Council,0.0,0.0,0.0,3966.0,340760.786,0.0,0.0,0.0
Mpigi/Buwama,0.0,0.0,0.0,14065.0,217869.53,0.0,0.0,0.0
Wakiso/Bussi,0.0,0.0,0.0,4413.0,183782.705,0.0,0.0,0.0
Mpigi/Kituntu,0.0,0.0,0.0,4645.0,186275.712,0.0,0.0,0.0
Mpigi/Nkozi,0.0,0.0,0.0,12264.0,280982.908,0.0,0.0,0.0
Mukono/Mpunge,0.0,0.0,0.0,4711.0,209566.758,0.0,0.0,0.0
Mukono/Nama,0.0,0.0,0.0,29096.0,438249.135,0.0,0.0,0.0
Mukono/Ntenjeru,0.0,0.0,0.0,5776.0,231303.616,0.0,0.0,0.0
Mukono/Central Division,20.0,132.0,224.0,37850.0,619248.259,376.0,9.934,0.528
Mukono/Kasawo,0.0,0.0,1.0,9939.0,249401.59,1.0,0.101,0.0
Wakiso/Nansana Division,7.0,58.0,6.0,60232.0,620382.455,71.0,1.179,0.116
Wakiso/Bunamwaya Division,32.0,43.0,19.0,23969.0,700991.393,94.0,3.922,1.335
Wakiso/Masajja Division,9.0,32.0,32.0,53343.0,647380.286,73.0,1.369,0.169
Wakiso/Bweyogerere Division,49.0,35.0,28.0,45496.0,688672.776,112.0,2.462,1.077
Wakiso/Namugongo Division,436.0,364.0,209.0,59302.0,846428.26,1009.0,17.015,7.352
Mukono/Koome Island,0.0,0.0,0.0,7783.0,182804.326,0.0,0.0,0.0
Kampala/Kawempe Division,215.0,125.0,98.0,94222.0,848983.391,438.0,4.649,2.282
Kampala/Nakawa Division,937.0,485.0,260.0,132418.0,987552.449,1682.0,12.702,7.076
Kampala/Makindye Division,554.0,257.0,95.0,110313.0,842592.649,906.0,8.213,5.022
Kampala/Rubaga Division,53.0,63.0,22.0,113516.0,813634.594,138.0,1.216,0.467
Kampala/Central Division,390.0,169.0,123.0,29046.0,786055.722,682.0,23.48,13.427
