month,usd_ugx,E_IFEM_MR,E_OFF_MR,E_EP
1981-01,0.0759,,,
1981-02,0.078,,,
1981-03,0.0787,,,
1981-04,0.0796,,,
1981-05,0.0812,,,
1981-06,0.7675,,,
1981-07,0.7939,,,
1981-08,0.6166,,,
1981-09,0.8052,,,
1981-10,0.7913,,,
1981-11,0.7856,,,
1981-12,0.8556,,,
1982-01,0.8603,,,
1982-02,0.8599,,,
1982-03,0.8583,,,
1982-04,0.8594,,,
1982-05,0.8742,,,
1982-06,0.9417,,,
1982-07,0.9867,,,
1982-08,0.9916,,,
1982-09,0.9907,,,
1982-10,0.997,,,
1982-11,1.0174,,,
1982-12,1.0484,,,
1983-01,1.07,,,
1983-02,1.1197,,,
1983-03,1.1659,,,
1983-04,1.1966,,,
1983-05,1.2829,,,
1983-06,1.388,,,
1983-07,1.5514,,,
1983-08,1.6647,,,
1983-09,1.7628,,,
1983-10,1.856,,,
1983-11,2.0672,,,
1983-12,2.3381,,,
1984-01,2.4142,,,
1984-02,2.5332,,,
1984-03,2.7413,,,
1984-04,2.9206,,,
1984-05,2.9229,,,
1984-06,3.072,,,
1984-07,3.3809,,,
1984-08,3.7391,,,
1984-09,4.0,,,
1984-10,4.4568,,,
1984-11,5.4636,,,
1984-12,5.5157,,,
1985-01,5.3909,,,
1985-02,5.57,,,
1985-03,5.7881,,,
1985-04,5.9316,,,
1985-05,6.0045,,,
1985-06,6.0,,,
1985-07,6.0,,,
1985-08,6.0,,,
1985-09,6.0,,,
1985-10,6.8,,,
1985-11,8.7,,,
1985-12,12.75,,,
1986-01,14.79,,,14.0
1986-02,14.8,,,14.0
1986-03,14.8,,,14.0
1986-04,14.8,,,14.0
1986-05,14.0,,,14.0
1986-06,14.0,,,14.0
1986-07,14.0,,,14.0
1986-08,14.0,,,14.0
1986-09,14.0,,,14.0
1986-10,14.0,,,14.0
1986-11,14.0,,,14.0
1986-12,14.0,,,14.0
1987-01,14.0,,14.0,14.0
1987-02,14.0,,14.0,14.0
1987-03,14.0,,14.0,14.0
1987-04,14.0,,14.0,14.0
1987-05,60.0,,60.0,60.0
1987-06,60.0,,60.0,60.0
1987-07,60.0,,60.0,60.0
1987-08,60.0,,60.0,60.0
1987-09,60.0,,60.0,60.0
1987-10,60.0,,60.0,60.0
1987-11,60.0,,60.0,60.0
1987-12,60.0,,60.0,60.0
1988-01,60.0,,60.0,60.0
1988-02,60.0,,60.0,60.0
1988-03,60.0,,60.0,60.0
1988-04,60.0,,60.0,60.0
1988-05,60.0,,60.0,60.0
1988-06,60.0,,60.0,60.0
1988-07,150.0,,150.0,150.0
1988-08,150.0,,150.0,150.0
1988-09,150.0,,150.0,150.0
1988-10,150.0,,150.0,150.0
1988-11,150.0,,150.0,150.0
1988-12,165.0,,165.0,165.0
1989-01,165.0,,165.0,165.0
1989-02,165.0,,165.0,165.0
1989-03,200.0,,200.0,200.0
1989-04,200.0,,200.0,200.0
1989-05,200.0,,200.0,200.0
1989-06,200.0,,200.0,200.0
1989-07,200.0,,200.0,200.0
1989-08,200.0,,200.0,200.0
1989-09,200.0,,200.0,200.0
1989-10,340.0,,340.0,340.0
1989-11,340.0,,340.0,370.0
1989-12,370.0,,370.0,370.0
1990-01,375.0,,375.0,375.0
1990-02,379.0,,379.0,379.0
1990-03,379.0,,379.0,379.0
1990-04,379.0,,379.0,379.0
1990-05,384.0,,384.0,384.0
1990-06,440.0,,440.0,440.0
1990-07,440.0,,440.0,440.0
1990-08,450.0,,450.0,450.0
1990-09,480.0,,480.0,480.0
1990-10,480.0,,480.0,480.0
1990-11,510.0,,510.0,510.0
1990-12,540.0,,540.0,540.0
1991-01,570.0,,570.0,570.0
1991-02,600.0,,600.0,600.0
1991-03,620.0,,620.0,620.0
1991-04,640.0,,640.0,640.0
1991-05,670.0,,670.0,670.0
1991-06,700.0,,700.0,700.0
1991-07,800.0,,800.0,800.0
1991-08,800.0,,800.0,800.0
1991-09,850.0,,850.0,850.0
1991-10,915.0,,915.0,915.0
1991-11,915.0,,915.0,915.0
1991-12,915.0,,915.0,915.0
1992-01,970.0,,970.0,970.0
1992-02,985.48,,985.48,1000.0
1992-03,1160.08,,1160.08,1160.08
1992-04,1158.91,,1158.91,1158.91
1992-05,1164.94,,1164.94,1168.62
1992-06,1166.06,,1166.06,1169.47
1992-07,1177.86,,1177.86,1184.44
1992-08,1185.29,,1185.29,1185.13
1992-09,1185.15,,1185.15,1186.86
1992-10,1181.07,,1181.07,1182.39
1992-11,1196.34,,1196.34,1210.4
1992-12,1213.93,,1213.93,1217.15
1993-01,1217.12,,1217.12,1218.25
1993-02,1217.09,,1217.09,1215.49
1993-03,1217.52,,1217.52,1220.57
1993-04,1218.09,,1218.09,1219.18
1993-05,1213.27,,1213.27,1203.22
1993-06,1199.09,,1199.09,1199.3
1993-07,1197.57,,1197.57,1198.46
1993-08,1196.65,,1196.65,1191.47
1993-09,1181.988,,1181.988,1172.14
1993-10,1170.837,,1170.837,1171.23
1993-11,1165.009,,1165.009,1161.13
1993-12,1146.003,,1146.003,1130.15
1994-01,1112.71,,1112.71,1044.5
1994-02,1047.222,,1047.222,1092.68
1994-03,1079.223,,1079.223,1030.58
1994-04,1007.032,,1007.032,996.3
1994-05,965.708,,965.708,952.61
1994-06,962.59,,962.59,969.62
1994-07,967.065,,967.065,953.31
1994-08,921.379,,921.379,918.91
1994-09,920.792,,920.792,920.48
1994-10,919.781,,919.781,918.79
1994-11,920.138,,920.138,925.32
1994-12,929.75,,929.75,926.77
1995-01,925.04,,925.04,925.41
1995-02,925.528,,925.528,926.64
1995-03,927.035,,927.035,927.06
1995-04,928.828,,928.828,931.47
1995-05,941.02,,941.02,964.75
1995-06,964.81,,964.81,965.86
1995-07,968.93,,968.93,977.01
1995-08,970.03,,970.03,968.49
1995-09,977.7,,977.7,969.38
1995-10,1043.38,,1043.38,1059.49
1995-11,1028.3,,1028.3,1030.44
1995-12,1023.25,,1023.25,1009.45
1996-01,1017.72,,1017.72,1030.44
1996-02,1022.37,,1022.37,1015.96
1996-03,1016.6,,1016.6,1018.58
1996-04,1013.56,,1013.56,1020.56
1996-05,1018.0,,1018.0,1022.13
1996-06,1041.36,,1041.36,1058.82
1996-07,1055.44,,1055.44,1059.9
1996-08,1067.44,,1067.44,1071.67
1996-09,1074.97,,1074.97,1088.85
1996-10,1105.05,,1105.05,1101.83
1996-11,1081.48,,1081.48,1053.22
1996-12,1030.35,,1030.35,1029.59
1997-01,1044.85,,1044.85,1044.01
1997-02,1033.111,,1033.111,1027.65
1997-03,1024.954,,1024.954,1024.7
1997-04,1046.46238095238,,1046.46238095238,1071.3
1997-05,1065.298,,1065.298,1069.08
1997-06,1067.588,,1067.588,1067.49
1997-07,1068.023,,1068.023,1071.03
1997-08,1098.168,,1098.168,1112.17
1997-09,1117.123,,1117.123,1131.87
1997-10,1140.396,,1140.396,1143.88
1997-11,1147.189,,1147.189,1146.58
1997-12,1142.942,,1142.942,1140.11
1998-01,1148.06789473684,,1148.06789473684,1153.14
1998-02,1152.522,,1152.522,1152.4
1998-03,1152.385,,1152.385,1155.18
1998-04,1174.507,,1174.507,1233.77
1998-05,1223.476,,1223.476,1227.49
1998-06,1231.022,,1231.022,1232.0
1998-07,1235.018,,1235.018,1238.67
1998-08,1244.374,,1244.374,1257.16
1998-09,1284.843,,1284.843,1300.52
1998-10,1314.185,,1314.185,1330.57
1998-11,1353.82,,1353.82,1376.13
1998-12,1368.443,,1368.443,1362.69
1999-01,1369.20666666667,,1369.20666666667,1376.77
1999-02,1377.346,,1377.346,1377.19
1999-03,1381.159,,1381.159,1397.05
1999-04,1449.73,,1449.73,1518.18
1999-05,1518.967,,1518.967,1435.61
1999-06,1447.221,,1447.221,1452.56
1999-07,1454.5068,,1454.5068,1459.91
1999-08,1463.40090909091,,1463.40090909091,1468.38
1999-09,1491.668636,,1491.668636,1506.13
1999-10,1507.80428,,1507.80428,1506.03
1999-11,1503.54272727273,,1503.54272727273,1498.85
1999-12,1502.471,,1502.471,1506.04
2000-01,1525.751,,1525.751,1542.7
2000-02,1519.426,,1519.426,1509.35
2000-03,1513.676,,1513.676,1519.86
2000-04,1525.862,,1525.862,1534.23
2000-05,1579.668,,1579.668,1513.97
2000-06,1565.566,,1565.566,1571.65
2000-07,1596.415,,1596.415,1623.64
2000-08,1676.3,,1676.3,1724.845
2000-09,1770.50666666667,,1770.50666666667,1818.325
2000-10,1826.594,,1826.594,1844.905
2000-11,1850.262,,1850.262,1846.065
2000-12,1783.673,,1783.673,1766.68
2001-01,1830.43575,,1830.43575,1800.375
2001-02,1742.96631578947,,1742.96631578947,1761.99
2001-03,1753.78552631579,,1753.78552631579,1790.14
2001-04,1773.8176,,1773.8176,1791.09
2001-05,1782.684,,1782.684,1784.635
2001-06,1767.638,,1767.638,1723.84
2001-07,1725.74,,1725.742,1732.58
2001-08,1750.61,,1750.61,1760.59
2001-09,1752.897,,1752.897,1749.69
2001-10,1737.687,,1737.687,1737.34
2001-11,1736.215,,1736.215,1727.355
2001-12,1713.412,,1713.412,1727.4
2002-01,1738.74,,1738.74,1733.975
2002-02,1741.4375,,1741.4375,1758.36
2002-03,1771.03263157895,,1771.03263157895,1778.06
2002-04,1792.18976190476,,1792.18976190476,1798.39
2002-05,1797.59159090909,,1797.59159090909,1798.04
2002-06,1797.173,,1797.173,1797.15
2002-07,1802.83217391304,,1802.83217391304,1806.91
2002-08,1805.827,,1805.827,1806.27
2002-09,1812.644,,1812.644,1818.745
2002-10,1827.1975,,1827.1975,1833.73
2002-11,1832.319,,1832.319,1842.775
2002-12,1845.007,,1845.007,1852.57
2003-01,1867.686,,1867.686,1873.63
2003-02,1883.783,,1883.783,1911.55
2003-03,1944.445,,1944.445,1971.465
2003-04,1976.53075,,1976.53075,1986.54
2003-05,1997.85,,1997.85,1988.71
2003-06,1998.231,,1998.231,2002.81
2003-07,1995.277,,1995.277,1995.455
2003-08,1998.491,,1998.491,2000.55
2003-09,1993.546,,1993.546,1984.675
2003-10,1990.729,,1990.729,1984.82
2003-11,1974.488,,1974.488,1958.77
2003-12,1943.161,,1943.161,1935.32
2004-01,1938.1585,,1938.1585,1909.32
2004-02,1865.064,,1865.064,1906.895
2004-03,1926.65068181818,,1926.65068181818,1925.71
2004-04,1918.78225,,1918.78225,1911.26
2004-05,1855.53473809524,,1855.53473809524,1833.1
2004-06,1818.6645,,1818.6645,1788.755
2004-07,1748.26186363636,,1748.26186363636,1770.72
2004-08,1731.52318181818,,1731.52318181818,1717.215
2004-09,1721.1659,,1721.1659,1753.15
2004-10,1735.43666666667,,1735.43666666667,1726.985
2004-11,1730.88522727273,,1730.88522727273,1746.57
2004-12,1739.13921052632,,1739.13921052632,1738.59
2005-01,1732.00578947368,1732.00578947368,1732.00578947368,1713.8
2005-02,1711.0665,1711.0665,1711.0665,1700.61
2005-03,1711.23,1711.234,1711.23,1742.46
2005-04,1777.68,1777.6869047619,1777.68,1776.82
2005-05,1775.623,1775.62318181818,1775.623,1762.76
2005-06,1738.31875,1738.31875,1738.31875,1740.25
2005-07,1752.12225,1752.12225,1752.12225,1774.435
2005-08,1814.85977272727,1814.85977272727,1814.85977272727,1820.2
2005-09,1847.60681818182,1847.60681818182,1847.60681818182,1862.68
2005-10,1855.36525,1855.36525,1856.8035,1830.13
2005-11,1834.47047619048,1834.47047619048,1834.53547619048,1828.765
2005-12,1816.13452380952,1816.13452380952,1816.13452380952,1816.855
2006-01,1819.12125,1819.12125,1819.12125,1820.19
2006-02,1815.84157894737,1815.84157894737,1815.84157894737,1824.75
2006-03,1820.94328947366,1820.94328947366,1820.94328947366,1823.51
2006-04,1827.48111111111,1827.48111111111,1827.48111111111,1834.2
2006-05,1836.3419047619,1836.3419047619,1836.3419047619,1851.375
2006-06,1859.94928571429,1859.94928571429,1859.94928571429,1862.295
2006-07,1857.71642857143,1857.71642857143,1857.71642857143,1855.885
2006-08,1847.73967391304,1847.73967391304,1847.73967391304,1853.125
2006-09,1854.67666666667,1854.67666666667,1854.67666666667,1861.085
2006-10,1843.4265,1843.4265,1843.4265,1819.765
2006-11,1818.85136363636,1818.85136363636,1818.85136363636,1808.52
2006-12,1775.33315789474,1775.33315789474,1775.33315789474,1741.44
2007-01,1792.27880952381,1792.27880952381,1792.27880952381,1759.53
2007-02,1751.68275,1751.68275,1751.68275,1735.33
2007-03,1750.67642857143,1750.67642857143,1750.67642857143,1746.56
2007-04,1728.89078947368,1728.89078947368,1728.89078947368,1726.725
2007-05,1695.15272727273,1695.15272727273,1695.15272727273,1693.085
2007-06,1643.57333333333,1643.57333333333,1643.57333333333,1590.13
2007-07,1652.86977272727,1652.86977272727,1652.86977272727,1661.5
2007-08,1737.43043478261,1737.43043478261,1737.43043478261,1785.415
2007-09,1762.83025,1762.83025,1762.83025,1752.09
2007-10,1747.17166666667,1747.17166666667,1747.17166666667,1735.45
2007-11,1707.72875,1707.72875,1707.72875,1738.685
2007-12,1711.61333333333,1711.61333333333,1711.61333333333,1697.34
2008-01,1710.58568181818,1710.58568181818,1710.58568181818,1726.045
2008-02,1707.82976190476,1707.82976190476,1707.82976190476,1692.18
2008-03,1684.25552631579,1684.25552631579,1684.25552631579,1693.515
2008-04,1686.68340909091,1686.68340909091,1686.68340909091,1681.845
2008-05,1647.68071428571,1647.68071428571,1647.68071428571,1628.24
2008-06,1600.73973684211,1600.73973684211,1600.73973684211,1619.48
2008-07,1633.9402173913,1633.9402173913,1633.9402173913,1640.665
2008-08,1623.61904761905,1623.61904761905,1623.61904761905,1644.985
2008-09,1645.01075,1645.01075,1645.01075,1670.045
2008-10,1838.66295454545,1838.66295454545,1838.66295454545,1880.99
2008-11,1910.13,1910.13,1910.13,1973.895
2008-12,1956.18875,1956.18875,1956.18875,1949.18
2009-01,1975.97,1975.97,1975.97,1977.495
2009-02,1964.83275,1964.83275,1964.83,1980.005
2009-03,2051.54522727273,2051.54522727273,2051.54522727273,2118.41
2009-04,2175.61025,2175.61025,2175.61025,2226.735
2009-05,2247.6825,2247.6825,2247.6825,2234.275
2009-06,2137.1795,2137.1795,2137.18,2064.075
2009-07,2110.76630434783,2110.76630434783,2110.76630434783,2104.49
2009-08,2071.66880952381,2071.66880952381,2071.66880952381,2055.495
2009-09,1961.90363636364,1961.90363636364,1961.90363636364,1923.985
2009-10,1898.28261904762,1898.28261904762,1898.28261904762,1883.795
2009-11,1873.77825,1873.77825,1873.77825,1870.735
2009-12,1896.63704545455,1896.63704545455,1896.63704545455,1899.71
2010-01,1935.62605263158,1935.62605263158,1935.62605263158,1949.165
2010-02,1996.536,1996.536,1996.536,2045.44
2010-03,2086.36636363636,2086.36636363636,2086.36636363636,2084.345
2010-04,2083.004,2083.004,2083.004,2123.255
2010-05,2174.56833333333,2174.56833333333,2174.56833333333,2208.915
2010-06,2257.436,2257.436,2257.436,2283.335
2010-07,2257.28636363636,2257.28636363636,2257.28636363636,2231.575
2010-08,2230.94071428571,2230.94071428571,2230.94071428571,2270.0
2010-09,2251.3030952381,2251.3030952381,2251.3030952381,2244.08
2010-10,2264.82095427255,2264.82095427255,2264.82095427255,2284.72
2010-11,2288.87285714286,2288.87285714286,2288.87285714286,2313.665
2010-12,2303.92934782609,2303.92934782609,2303.92934782609,2308.3
2011-01,2333.135,2332.46641666667,2332.46641666667,2302.71
2011-02,2341.92722222222,2341.92722222222,2341.92722222222,2359.245
2011-03,2393.31304761905,2393.31304761905,2393.31304761905,2397.29
2011-04,2367.58921052632,2367.58921052632,2367.58921052632,2374.99
2011-05,2387.68404761905,2387.68404761905,2387.68404761905,2390.365
2011-06,2461.0385,2461.0385,2461.0385,2623.165
2011-07,2587.22833333333,2587.22833333333,2587.22833333333,2610.585
2011-08,2753.23272727273,2753.23272727273,2753.23272727273,2821.13
2011-09,2814.01876833079,2814.01876833079,2814.01876833079,2845.03339994917
2011-10,2805.36597490669,2805.36597490669,2805.36597490669,2593.4
2011-11,2582.17727272727,2582.17727272727,2582.17727272727,2566.235
2011-12,2446.91428571429,2446.91428571429,2446.91428571429,2490.99
2012-01,2414.1930952381,2414.1930952381,2414.1930952381,2326.83
2012-02,2327.96928571429,2327.96928571429,2327.96928571429,2372.52
2012-03,2485.0180952381,2485.0180952381,2485.0180952381,2518.44
2012-04,2506.21263157895,2506.21263157895,2506.21263157895,2505.735
2012-05,2479.05294603737,2479.05294603737,2479.05294603737,2488.02
2012-06,2484.35761904762,2484.35761904762,2484.35761904762,2472.36
2012-07,2474.18022727273,2474.18022727273,2474.18022727273,2478.74
2012-08,2492.03812895046,2492.03812895046,2492.03812895046,2508.525
2012-09,2515.877,2515.877,2515.877,2545.225
2012-10,2579.42811295549,2579.42811295549,2579.42811295549,2585.405
2012-11,2622.95272727273,2622.95272727273,2622.95272727273,2688.37
2012-12,2673.47706169355,2673.47706169355,2673.47706169355,2685.945
2013-01,2683.78928571429,2683.78928571429,2683.78928571429,2665.175
2013-02,2657.54930301252,2657.54930301252,2657.54930301252,2643.675
2013-03,2636.89157894737,2636.89157894737,2636.89157894737,2594.77
2013-04,2578.01169263981,2578.01169263981,2578.01169263981,2597.3455454361
2013-05,2586.11348761546,2586.11348761546,2586.11348761546,2594.5002321063
2013-06,2593.08150594265,2593.08150594265,2593.08150594265,2593.33125024803
2013-07,2588.90052048496,2588.90052048496,2588.90052048496,2584.12244337245
2013-08,2578.87150811025,2578.87150811025,2578.87150811025,2590.1889529637
2013-09,2568.86421408837,2568.86421408837,2568.86421408837,2561.03
2013-10,2534.39184378998,2534.39184378998,2534.39184378998,2524.03514414402
2013-11,2523.27262143086,2523.27262143086,2523.27262143086,2524.48769711124
2013-12,2512.93726101084,2512.93726101084,2512.93726101084,2527.95547939149
2014-01,2499.90389076533,2499.90389076533,2499.90389076533,2475.2
2014-02,2471.96178951448,2471.96178951448,2471.96178951448,2538.06546999496
2014-03,2534.21569131073,2534.21569131073,2534.21569131073,2549.54874617274
2014-04,2529.78700697517,2529.78700697517,2529.78700697517,2521.35166666667
2014-05,2532.38585285101,2532.38585285101,2532.38585285101,2557.72060679643
2014-06,2580.86227148587,2580.86227148587,2580.86227148587,2599.68
2014-07,2633.51535669946,2633.51535669946,2633.51535669946,2625.2
2014-08,2612.50468682125,2612.50468682125,2612.5,2616.995
2014-09,2618.79615030458,2618.79615030458,2618.79615030458,2651.60655661537
2014-10,2680.50866141967,2680.50866141967,2680.50866141967,2707.33
2014-11,2734.22225,2734.22225,2734.22225,2779.945
2014-12,2768.79479918052,2768.79479918052,2768.79479918052,2773.065
2015-01,2860.71175,2860.71175,2860.71175,2866.77
2015-02,2868.8475,2868.8475,2868.8475,2894.18
2015-03,2951.73681255155,2951.73681255155,2951.73681255155,2970.63
2015-04,2995.578,2995.578,2995.578,2987.47
2015-05,3007.603,3007.603,3007.603,3054.29
2015-06,3199.90275,3199.90275,3199.90275,3301.77
2015-07,3360.09409090909,3360.09409090909,3360.09409090909,3425.81
2015-08,3548.25119047619,3548.25119047619,3548.25119047619,3658.39
2015-09,3667.50476190476,3667.50476190476,3667.50476190476,3695.25
2015-10,3636.02452380952,3636.02452380952,3636.02452380952,3560.19
2015-11,3428.99809523809,3428.99809523809,3428.99809523809,3357.12
2015-12,3362.49256916996,3362.49256916996,3362.49256916996,3377.01
2016-01,3451.20894736842,3451.20894736842,3451.20894736842,3479.55
2016-02,3435.11396135266,3435.11396135266,3435.11396135266,3348.55072463768
2016-03,3365.49689130435,3365.49689130435,3365.49689130435,3374.4347826087
2016-04,3343.57207729469,3343.57207729469,3343.57207729469,3325.55
2016-05,3348.91925465838,3348.91925465838,3348.91925465838,3364.52173913043
2016-06,3367.992602657,3367.992602657,3367.992602657,3404.86111111111
2016-07,3379.29338888889,3379.29338888889,3379.29338888889,3375.63
2016-08,3373.535,3373.535,3373.535,3375.64
2016-09,3381.40619047619,3381.40619047619,3381.40619047619,3388.56
2016-10,3435.84835978836,3435.84835978836,3435.84835978836,3465.15
2016-11,3560.62343434343,3560.62343434343,3560.62343434343,3630.22222222222
2016-12,3598.16597883598,3598.16597883598,3598.16597883598,3610.5
2017-01,3609.4773015873,3609.4773015873,3609.4773015873,3588.51
2017-02,3585.34954678363,3585.34954678363,3585.34954678363,3586.69
2017-03,3599.01411363636,3599.01411363636,3599.01411363636,3614.19
2017-04,3618.69722222222,3618.69722222222,3618.69722222222,3644.63
2017-05,3623.60659090909,3623.60659090909,3623.60659090909,3602.63
2017-06,3591.09857142857,3591.09857142857,3591.09857142857,3590.9
2017-07,3601.5305,3601.5305,3601.5305,3610.88
2017-08,3606.03173913043,3606.03173913043,3606.03173913043,3600.38
2017-09,3599.866,3599.866,3599.866,3603.08
2017-10,3637.90952380952,3637.90952380952,3637.90952380952,3650.53
2017-11,3638.85080808081,3638.85080808081,3638.85080808081,3634.53
2017-12,3623.26157894737,3623.26157894737,3623.26157894737,3635.08
2018-01,3640.05304232804,3640.05304232804,3640.05304232804,3625.21
2018-02,3637.56260233918,3637.56260233918,3637.56260233918,3645.99
2018-03,3660.11786111111,3660.11786111111,3660.11786111111,3686.89
2018-04,3697.2425,3697.2425,3697.2425,3713.22
2018-05,3726.84303030303,3726.84303030303,3726.84303030303,3768.34722222222
2018-06,3840.47675,3840.47675,3840.47675,3879.54
2018-07,3760.44343915344,3760.44343915344,3760.44343915344,3701.42
2018-08,3729.5325,3729.5325,3729.5325,3759.99
2018-09,3800.67941666667,3800.67941666667,3800.67941666667,3822.14
2018-10,3777.97772727273,3777.97772727273,3777.97772727273,3759.17
2018-11,3739.77228535354,3739.77228535354,3739.77228535354,3725.39
2018-12,3714.12678362573,3714.12678362573,3714.12678362573,3713.35
2019-01,3702.43409090909,3702.43409090909,3702.43409090909,3672.11
2019-02,3672.894,3672.894,3672.894,3694.79
2019-03,3706.1915,3706.1915,3706.1915,3715.13
2019-04,3736.97575,3736.97575,3736.97575,3747.18
2019-05,3765.62933080808,3765.62933080808,3765.62933080808,3758.9
2019-06,3728.98830246914,3728.98830246914,3728.98830246914,3694.76
2019-07,3696.48695652174,3696.48695652174,3696.48695652174,3700.76
2019-08,3693.73386363636,3693.73386363636,3693.73386363636,3689.49
2019-09,3675.49642857143,3675.49642857143,3675.49642857143,3684.235
2019-10,3695.83636363636,3695.83636363636,3695.83636363636,3711.19
2019-11,3697.44285714286,3697.44285714286,3697.44285714286,3699.38
2019-12,3676.7295,3676.7295,3676.7295,3665.20833333333
2020-01,3680.79272727273,3680.79272727273,3680.79272727273,3679.67
2020-02,3676.8465,3676.8465,3676.8465,3714.31
2020-03,3772.9075,3772.9075,3772.9075,3796.43
2020-04,3785.74641666667,3785.74641666667,3785.74641666667,3807.0
2020-05,3791.46,3791.46,3791.46,3784.81
2020-06,3737.9445,3737.9445,3737.9445,3730.14
2020-07,3703.53704545455,3703.53704545455,3703.53704545455,3686.42
2020-08,3677.52761904762,3677.52761904762,3677.52761904762,3678.16
2020-09,3695.08727272727,3695.08727272727,3695.08727272727,3715.52
2020-10,3719.91692857143,3719.91692857143,3719.91692857143,3740.46
2020-11,3710.67738095238,3710.67738095238,3710.67738095238,3700.805
2020-12,3666.54318181818,3666.54318181818,3666.54318181818,3650.07
2021-01,3691.563657289,3691.563657289,3691.563657289,3687.30217391304
2021-02,3667.31578947368,3667.31578947368,3667.31578947368,3665.49
2021-03,3662.86954545455,3662.86954545455,3662.86954545455,3663.93
2021-04,3623.302,3623.302,3623.302,3578.14
2021-05,3552.78657894737,3552.78657894737,3552.78657894737,3545.74
2021-06,3540.35210526316,3540.35210526316,3540.35210526316,3556.71
2021-07,3552.30571428571,3552.30571428571,3552.30571428571,3549.91
2021-08,3537.03681818182,3537.03681818182,3537.03681818182,3535.13
2021-09,3530.63136363636,3530.63136363636,3530.63136363636,3542.67
2021-10,3579.94238095238,3579.94238095238,3579.94238095238,3554.78
2021-11,3551.52279545455,3551.52279545455,3551.52279545455,3564.2
2021-12,3554.99173913044,3554.99173913044,3554.99173913044,3544.41
2022-01,3528.8335,3528.8335,3528.8335,3509.86
2022-02,3514.50684210526,3514.50684210526,3514.50684210526,3540.78
2022-03,3589.84227272727,3589.84227272727,3589.84227272727,3588.16
2022-04,3541.45611111111,3541.45611111111,3541.45611111111,3562.07
2022-05,3633.06809523809,3633.06809523809,3633.06809523809,3775.86
2022-06,3747.38075,3747.38075,3747.38075,3756.65
2022-07,3791.5919047619,3791.5919047619,3791.5919047619,3862.43
2022-08,3832.44913043478,3832.44913043478,3832.44913043478,3803.68
2022-09,3825.32636363636,3825.32636363636,3825.32636363636,3853.96
2022-10,3822.26761904762,3822.26761904762,3822.26761904762,3802.26
2022-11,3760.22818181818,3760.22818181818,3760.22818181818,3741.86
2022-12,3690.85785714286,3690.85785714286,3690.85785714286,3715.69
2023-01,3693.61047619048,3693.61047619048,3693.61047619048,3685.03
2023-02,3685.71578947368,3685.71578947368,3685.71578947368,3722.21
2023-03,3744.515,3744.515,3744.515,3778.13
2023-04,3745.81941176471,3745.81941176471,3745.81941176471,3735.25
2023-05,3729.55454545454,3729.55454545454,3729.55454545454,3772.4
2023-06,3707.788,3707.788,3707.788,3667.39
2023-07,3661.22952380952,3661.22952380952,3661.22952380952,3615.14
2023-08,3689.12260869565,3689.12260869565,3689.12260869565,3718.31
2023-09,3738.02225,3738.02225,3738.02225,3757.31
2023-10,3755.62531746032,3755.62531746032,3755.62531746032,3780.78
2023-11,3782.02518939394,3782.02518939394,3782.02518939394,3817.26388888889
2023-12,3780.65740740741,3780.65740740741,3780.65740740741,3782.22222222222
2024-01,3805.03362433863,3805.03362433863,3805.03362433863,3815.54166666667
2024-02,3873.58773611111,3873.58773611111,3873.58773611111,3932.25
2024-03,3895.7797368421,3895.7797368421,3895.7797368421,3885.0
2024-04,3822.6875,3822.6875,3822.6875,3813.20833333333
2024-05,3791.40079365079,3791.40079365079,3791.40079365079,3812.375
2024-06,3747.19011695906,3747.19011695906,3747.19011695906,3706.72222222222
2024-07,3705.85480676329,3705.85480676329,3705.85480676329,3722.90909090909
2024-08,3723.64728650138,3723.64728650138,3723.64728650138,3716.06
2024-09,3711.31308802309,3711.31308802309,3711.31308802309,3690.04545454545
2024-10,3667.92606749311,3667.92606749311,3667.92606749311,3662.05
2024-11,3678.64754689755,3678.64754689755,3678.64754689755,3688.86
2024-12,3664.08171212121,3664.08171212121,3664.08171212121,3681.13636363636
2025-01,3688.95898760331,3688.95898760331,3688.95898760331,3684.76
2025-02,3677.70182954545,3677.70182954545,3677.71232954545,3678.81909090909
2025-03,3667.8645995671,3667.8645995671,3667.9,3661.62
2025-04,3669.61205681818,3669.61205681818,3669.61,3664.66840909091
2025-05,3653.39715367965,3653.39715367965,3653.39715367965,3631.81886363636
2025-06,3605.83843434343,3605.83843434343,3605.83843434343,3594.59045454545
2025-07,3586.56590909091,3586.56590909091,3586.56590909091,3585.02
2025-08,3563.92886363636,3563.92886363636,3563.92886363636,3550.36
2025-09,3507.79020661157,3507.79020661157,3507.79020661157,3490.0
2025-10,3463.85576446281,3463.85576446281,3463.85576446281,3478.95
2025-11,3575.136625,3575.14,3575.136625,3630.09
2025-12,3575.22887445887,3575.22883116883,3575.22887445887,3619.65
2026-01,3562.14371212121,3562.14371212121,3562.14371212121,3563.18136363636
2026-02,3568.2289354067,3568.22898325359,3568.22898325359,3600.0
2026-03,3730.53098701299,3730.53098701299,3730.53098701299,3762.57795454545
2026-04,3716.69922619048,3716.69922619048,3716.69922619048,3749.52
2026-05,3764.10986772487,3764.10986772487,3764.10986772487,3773.82785714286
2026-06,3710.63582142857,3710.63582142857,3710.63582142857,3665.1
2026-07,3704.51471861472,3704.51471861472,3704.51471861472,3751.84071428571
