fy,quarter,period_start,area,rppi
2015/16,Q1,2015-07-01,Wakiso,100.0
2015/16,Q2,2015-10-01,Wakiso,100.0
2015/16,Q3,2016-01-01,Wakiso,100.0
2015/16,Q4,2016-04-01,Wakiso,100.0
2016/17,Q1,2016-07-01,Wakiso,95.602
2016/17,Q2,2016-10-01,Wakiso,77.11
2016/17,Q3,2017-01-01,Wakiso,76.721
2016/17,Q4,2017-04-01,Wakiso,83.938
2017/18,Q1,2017-07-01,Wakiso,93.943
2017/18,Q2,2017-10-01,Wakiso,86.667
2017/18,Q3,2018-01-01,Wakiso,82.479
2017/18,Q4,2018-04-01,Wakiso,96.435
2018/19,Q1,2018-07-01,Wakiso,95.965
2018/19,Q2,2018-10-01,Wakiso,100.604
2018/19,Q3,2019-01-01,Wakiso,84.253
2018/19,Q4,2019-04-01,Wakiso,91.369
2019/20,Q1,2019-07-01,Wakiso,93.106
2019/20,Q2,2019-10-01,Wakiso,94.068
2019/20,Q3,2020-01-01,Wakiso,97.047
2019/20,Q4,2020-04-01,Wakiso,96.062
2020/21,Q1,2020-07-01,Wakiso,105.186
2020/21,Q2,2020-10-01,Wakiso,114.573
2020/21,Q3,2021-01-01,Wakiso,90.113
2020/21,Q4,2021-04-01,Wakiso,98.082
2021/22,Q1,2021-07-01,Wakiso,89.775
2021/22,Q2,2021-10-01,Wakiso,91.021
2021/22,Q3,2022-01-01,Wakiso,88.443
2021/22,Q4,2022-04-01,Wakiso,101.169
2022/23,Q1,2022-07-01,Wakiso,96.901
2022/23,Q2,2022-10-01,Wakiso,92.784
2022/23,Q3,2023-01-01,Wakiso,90.409
2022/23,Q4,2023-04-01,Wakiso,94.552
2023/24,Q1,2023-07-01,Wakiso,95.67
2023/24,Q2,2023-10-01,Wakiso,95.56
2023/24,Q3,2024-01-01,Wakiso,95.775
2023/24,Q4,2024-04-01,Wakiso,96.697
2024/25,Q1,2024-07-01,Wakiso,95.208
2024/25,Q2,2024-10-01,Wakiso,96.49
2024/25,Q3,2025-01-01,Wakiso,98.298
2024/25,Q4,2025-04-01,Wakiso,105.034
2025/26,Q1,2025-07-01,Wakiso,112.657
2025/26,Q2,2025-10-01,Wakiso,112.845
2025/26,Q3,2026-01-01,Wakiso,110.858
2025/26,Q4,2026-04-01,Wakiso,108.645
2015/16,Q1,2015-07-01,Kampala Central & Makindye,100.0
2015/16,Q2,2015-10-01,Kampala Central & Makindye,100.0
2015/16,Q3,2016-01-01,Kampala Central & Makindye,100.0
2015/16,Q4,2016-04-01,Kampala Central & Makindye,100.0
2016/17,Q1,2016-07-01,Kampala Central & Makindye,103.796
2016/17,Q2,2016-10-01,Kampala Central & Makindye,91.12
2016/17,Q3,2017-01-01,Kampala Central & Makindye,92.279
2016/17,Q4,2017-04-01,Kampala Central & Makindye,111.7
2017/18,Q1,2017-07-01,Kampala Central & Makindye,107.258
2017/18,Q2,2017-10-01,Kampala Central & Makindye,114.546
2017/18,Q3,2018-01-01,Kampala Central & Makindye,101.673
2017/18,Q4,2018-04-01,Kampala Central & Makindye,131.283
2018/19,Q1,2018-07-01,Kampala Central & Makindye,110.031
2018/19,Q2,2018-10-01,Kampala Central & Makindye,121.914
2018/19,Q3,2019-01-01,Kampala Central & Makindye,120.338
2018/19,Q4,2019-04-01,Kampala Central & Makindye,113.825
2019/20,Q1,2019-07-01,Kampala Central & Makindye,130.378
2019/20,Q2,2019-10-01,Kampala Central & Makindye,134.007
2019/20,Q3,2020-01-01,Kampala Central & Makindye,149.512
2019/20,Q4,2020-04-01,Kampala Central & Makindye,142.534
2020/21,Q1,2020-07-01,Kampala Central & Makindye,138.914
2020/21,Q2,2020-10-01,Kampala Central & Makindye,127.593
2020/21,Q3,2021-01-01,Kampala Central & Makindye,160.915
2020/21,Q4,2021-04-01,Kampala Central & Makindye,163.117
2021/22,Q1,2021-07-01,Kampala Central & Makindye,139.061
2021/22,Q2,2021-10-01,Kampala Central & Makindye,149.818
2021/22,Q3,2022-01-01,Kampala Central & Makindye,148.269
2021/22,Q4,2022-04-01,Kampala Central & Makindye,167.07
2022/23,Q1,2022-07-01,Kampala Central & Makindye,120.029
2022/23,Q2,2022-10-01,Kampala Central & Makindye,129.363
2022/23,Q3,2023-01-01,Kampala Central & Makindye,131.664
2022/23,Q4,2023-04-01,Kampala Central & Makindye,141.927
2023/24,Q1,2023-07-01,Kampala Central & Makindye,143.1
2023/24,Q2,2023-10-01,Kampala Central & Makindye,145.092
2023/24,Q3,2024-01-01,Kampala Central & Makindye,143.778
2023/24,Q4,2024-04-01,Kampala Central & Makindye,151.672
2024/25,Q1,2024-07-01,Kampala Central & Makindye,166.034
2024/25,Q2,2024-10-01,Kampala Central & Makindye,153.057
2024/25,Q3,2025-01-01,Kampala Central & Makindye,148.942
2024/25,Q4,2025-04-01,Kampala Central & Makindye,147.046
2025/26,Q1,2025-07-01,Kampala Central & Makindye,149.158
2025/26,Q2,2025-10-01,Kampala Central & Makindye,156.056
2025/26,Q3,2026-01-01,Kampala Central & Makindye,164.166
2025/26,Q4,2026-04-01,Kampala Central & Makindye,159.615
2015/16,Q1,2015-07-01,Nakawa,100.0
2015/16,Q2,2015-10-01,Nakawa,100.0
2015/16,Q3,2016-01-01,Nakawa,100.0
2015/16,Q4,2016-04-01,Nakawa,100.0
2016/17,Q1,2016-07-01,Nakawa,98.487
2016/17,Q2,2016-10-01,Nakawa,82.116
2016/17,Q3,2017-01-01,Nakawa,91.814
2016/17,Q4,2017-04-01,Nakawa,102.046
2017/18,Q1,2017-07-01,Nakawa,94.151
2017/18,Q2,2017-10-01,Nakawa,97.604
2017/18,Q3,2018-01-01,Nakawa,89.273
2017/18,Q4,2018-04-01,Nakawa,96.779
2018/19,Q1,2018-07-01,Nakawa,88.536
2018/19,Q2,2018-10-01,Nakawa,90.247
2018/19,Q3,2019-01-01,Nakawa,88.026
2018/19,Q4,2019-04-01,Nakawa,82.975
2019/20,Q1,2019-07-01,Nakawa,89.041
2019/20,Q2,2019-10-01,Nakawa,90.872
2019/20,Q3,2020-01-01,Nakawa,84.364
2019/20,Q4,2020-04-01,Nakawa,99.639
2020/21,Q1,2020-07-01,Nakawa,112.569
2020/21,Q2,2020-10-01,Nakawa,98.553
2020/21,Q3,2021-01-01,Nakawa,96.194
2020/21,Q4,2021-04-01,Nakawa,105.499
2021/22,Q1,2021-07-01,Nakawa,97.152
2021/22,Q2,2021-10-01,Nakawa,95.876
2021/22,Q3,2022-01-01,Nakawa,88.679
2021/22,Q4,2022-04-01,Nakawa,93.46
2022/23,Q1,2022-07-01,Nakawa,84.827
2022/23,Q2,2022-10-01,Nakawa,80.573
2022/23,Q3,2023-01-01,Nakawa,85.298
2022/23,Q4,2023-04-01,Nakawa,87.537
2023/24,Q1,2023-07-01,Nakawa,85.324
2023/24,Q2,2023-10-01,Nakawa,85.937
2023/24,Q3,2024-01-01,Nakawa,86.496
2023/24,Q4,2024-04-01,Nakawa,86.904
2024/25,Q1,2024-07-01,Nakawa,85.931
2024/25,Q2,2024-10-01,Nakawa,92.595
2024/25,Q3,2025-01-01,Nakawa,91.843
2024/25,Q4,2025-04-01,Nakawa,91.254
2025/26,Q1,2025-07-01,Nakawa,92.652
2025/26,Q2,2025-10-01,Nakawa,97.952
2025/26,Q3,2026-01-01,Nakawa,94.595
2025/26,Q4,2026-04-01,Nakawa,92.259
2015/16,Q1,2015-07-01,Kawempe & Rubaga,100.0
2015/16,Q2,2015-10-01,Kawempe & Rubaga,100.0
2015/16,Q3,2016-01-01,Kawempe & Rubaga,100.0
2015/16,Q4,2016-04-01,Kawempe & Rubaga,100.0
2016/17,Q1,2016-07-01,Kawempe & Rubaga,104.159
2016/17,Q2,2016-10-01,Kawempe & Rubaga,92.734
2016/17,Q3,2017-01-01,Kawempe & Rubaga,88.381
2016/17,Q4,2017-04-01,Kawempe & Rubaga,92.911
2017/18,Q1,2017-07-01,Kawempe & Rubaga,94.297
2017/18,Q2,2017-10-01,Kawempe & Rubaga,89.954
2017/18,Q3,2018-01-01,Kawempe & Rubaga,83.271
2017/18,Q4,2018-04-01,Kawempe & Rubaga,89.964
2018/19,Q1,2018-07-01,Kawempe & Rubaga,98.147
2018/19,Q2,2018-10-01,Kawempe & Rubaga,92.045
2018/19,Q3,2019-01-01,Kawempe & Rubaga,97.497
2018/19,Q4,2019-04-01,Kawempe & Rubaga,93.531
2019/20,Q1,2019-07-01,Kawempe & Rubaga,95.736
2019/20,Q2,2019-10-01,Kawempe & Rubaga,94.848
2019/20,Q3,2020-01-01,Kawempe & Rubaga,103.398
2019/20,Q4,2020-04-01,Kawempe & Rubaga,89.942
2020/21,Q1,2020-07-01,Kawempe & Rubaga,97.313
2020/21,Q2,2020-10-01,Kawempe & Rubaga,85.217
2020/21,Q3,2021-01-01,Kawempe & Rubaga,94.176
2020/21,Q4,2021-04-01,Kawempe & Rubaga,99.31
2021/22,Q1,2021-07-01,Kawempe & Rubaga,80.736
2021/22,Q2,2021-10-01,Kawempe & Rubaga,83.238
2021/22,Q3,2022-01-01,Kawempe & Rubaga,87.021
2021/22,Q4,2022-04-01,Kawempe & Rubaga,89.663
2022/23,Q1,2022-07-01,Kawempe & Rubaga,89.398
2022/23,Q2,2022-10-01,Kawempe & Rubaga,87.157
2022/23,Q3,2023-01-01,Kawempe & Rubaga,87.461
2022/23,Q4,2023-04-01,Kawempe & Rubaga,93.183
2023/24,Q1,2023-07-01,Kawempe & Rubaga,91.892
2023/24,Q2,2023-10-01,Kawempe & Rubaga,93.022
2023/24,Q3,2024-01-01,Kawempe & Rubaga,94.264
2023/24,Q4,2024-04-01,Kawempe & Rubaga,92.055
2024/25,Q1,2024-07-01,Kawempe & Rubaga,94.312
2024/25,Q2,2024-10-01,Kawempe & Rubaga,94.053
2024/25,Q3,2025-01-01,Kawempe & Rubaga,98.678
2024/25,Q4,2025-04-01,Kawempe & Rubaga,102.025
2025/26,Q1,2025-07-01,Kawempe & Rubaga,100.326
2025/26,Q2,2025-10-01,Kawempe & Rubaga,103.029
2025/26,Q3,2026-01-01,Kawempe & Rubaga,109.725
2025/26,Q4,2026-04-01,Kawempe & Rubaga,113.369
2015/16,Q1,2015-07-01,Headline,100.0
2015/16,Q2,2015-10-01,Headline,100.0
2015/16,Q3,2016-01-01,Headline,100.0
2015/16,Q4,2016-04-01,Headline,100.0
2016/17,Q1,2016-07-01,Headline,99.927
2016/17,Q2,2016-10-01,Headline,84.746
2016/17,Q3,2017-01-01,Headline,85.157
2016/17,Q4,2017-04-01,Headline,95.051
2017/18,Q1,2017-07-01,Headline,97.215
2017/18,Q2,2017-10-01,Headline,95.521
2017/18,Q3,2018-01-01,Headline,88.134
2017/18,Q4,2018-04-01,Headline,103.249
2018/19,Q1,2018-07-01,Headline,98.814
2018/19,Q2,2018-10-01,Headline,102.279
2018/19,Q3,2019-01-01,Headline,96.411
2018/19,Q4,2019-04-01,Headline,96.076
2019/20,Q1,2019-07-01,Headline,102.021
2019/20,Q2,2019-10-01,Headline,103.303
2019/20,Q3,2020-01-01,Headline,109.278
2019/20,Q4,2020-04-01,Headline,106.151
2020/21,Q1,2020-07-01,Headline,112.352
2020/21,Q2,2020-10-01,Headline,108.677
2020/21,Q3,2021-01-01,Headline,108.686
2020/21,Q4,2021-04-01,Headline,114.805
2021/22,Q1,2021-07-01,Headline,100.363
2021/22,Q2,2021-10-01,Headline,103.821
2021/22,Q3,2022-01-01,Headline,102.348
2021/22,Q4,2022-04-01,Headline,113.101
2022/23,Q1,2022-07-01,Headline,99.023
2022/23,Q2,2022-10-01,Headline,98.518
2022/23,Q3,2023-01-01,Headline,98.831
2022/23,Q4,2023-04-01,Headline,104.539
2023/24,Q1,2023-07-01,Headline,104.661
2023/24,Q2,2023-10-01,Headline,105.436
2023/24,Q3,2024-01-01,Headline,105.574
2023/24,Q4,2024-04-01,Headline,107.353
2024/25,Q1,2024-07-01,Headline,110.569
2024/25,Q2,2024-10-01,Headline,108.83
2024/25,Q3,2025-01-01,Headline,109.543
2024/25,Q4,2025-04-01,Headline,112.457
2025/26,Q1,2025-07-01,Headline,115.764
2025/26,Q2,2025-10-01,Headline,118.818
2025/26,Q3,2026-01-01,Headline,121.065
2025/26,Q4,2026-04-01,Headline,119.645
