area,households,n_rent,n_sale,median_income,median_price,monthly_payment,own_income_needed,oai,oai_lo,oai_hi,agi_own,ri_own,ri_own_housing_induced,below_nonhousing_min,median_rent,rai,rai_lo,rai_hi,rent_income_needed,agi_rent,ri_rent,ri_rent_housing_induced,ri_rent_median_residual
Wakiso/Gombe Division,39211.0,1,81,445451.369,120000000.0,1315370.8229,3758202.3512,11.8528,8.3667,18.9644,0.993,0.925,0.6849,0.2401,,,,,,,,,
Wakiso/Nabweru Division,64091.0,0,0,594995.1273,,,,,,,,,,,,,,,,,,,
Wakiso/Kasangati Town Council,73139.0,43,151,641574.1466,240000000.0,2630741.6458,7516404.7023,8.5357,7.3163,9.755,0.9981,0.9607,0.8305,0.1302,450000.0,42.7716,32.0787,48.1181,1500000.0,0.8404,0.5366,0.4064,-52492.8505
Wakiso/Ndejje Division,37215.0,23,126,687531.8377,670000000.0,7344153.7612,20983296.4607,3.2766,2.9271,5.1232,1.0,0.9976,0.8713,0.1264,710000.0,29.0506,20.626,34.3766,2366666.6667,0.9271,0.6567,0.5304,-281116.7242
Wakiso/Division A,10581.0,13,56,809413.312,750000000.0,8221067.6432,23488764.6948,3.446,2.7205,5.0775,1.0,0.9972,0.9193,0.078,,,,,,,,,
Wakiso/Division B,9395.0,0,0,565331.3813,,,,,,,,,,,,,,,,,,,
Wakiso/Kakiri,17825.0,0,1,302501.9647,,,,,,,,,,,,,,,,,,,
Wakiso/Kakiri Town Council,8791.0,0,8,463826.2105,,,,,,,,,,,,,,,,,,,
Wakiso/Kasanje,13036.0,1,3,293523.0019,,,,,,,,,,,,,,,,,,,
Mukono/Nakisunga,23994.0,0,3,329439.4206,,,,,,,,,,,,,,,,,,,
Mukono/Nagojje,11367.0,0,0,305635.137,,,,,,,,,,,,,,,,,,,
Mukono/Kyampisi,23279.0,0,6,380811.6783,,,,,,,,,,,,,,,,,,,
Wakiso/Masuliita,3984.0,0,0,241989.1276,,,,,,,,,,,,,,,,,,,
Wakiso/Masulita Town Council,4782.0,0,1,243670.0785,,,,,,,,,,,,,,,,,,,
Wakiso/Mende,15877.0,0,0,368631.0424,,,,,,,,,,,,,,,,,,,
Wakiso/Namayumba Town Council,6841.0,0,1,281420.7379,,,,,,,,,,,,,,,,,,,
Wakiso/Kyengera Town Council,74865.0,5,25,577118.3522,150000000.0,1644213.5286,4697752.939,12.285,7.0875,18.8036,0.993,0.9172,0.7655,0.1517,,,,,,,,,
Wakiso/Wakiso,98504.0,2,29,577912.1572,100000000.0,1096142.3524,3131835.2926,18.4528,11.1835,23.358,0.9764,0.8383,0.6791,0.1591,,,,,,,,,
Wakiso/Wakiso Town Council,26627.0,41,360,623723.4212,300000000.0,3288427.0573,9395505.8779,6.6385,5.6902,7.9662,0.9993,0.9793,0.8297,0.1496,850000.0,22.0138,15.5931,26.731,2833333.3333,0.9621,0.7497,0.6001,-483314.9392
Wakiso/Kira Division,29571.0,302,715,878713.5057,530000000.0,5809554.4678,16598727.051,5.2939,5.1014,5.8453,0.9996,0.986,0.9082,0.0778,870000.0,30.3005,29.2905,32.9518,2900000.0,0.9122,0.604,0.5262,-234476.6845
Wakiso/Kajjansi Town Council,36201.0,9,314,570844.7604,550000000.0,6028782.9383,17225094.1095,3.314,3.1693,3.6454,1.0,0.997,0.8197,0.1773,,,,,,,,,
Buikwe/Wakisi Division,14837.0,0,0,280675.3135,,,,,,,,,,,,,,,,,,,
Mukono/Ntunda,4317.0,0,0,209128.0014,,,,,,,,,,,,,,,,,,,
Mpigi/Kammengo,13869.0,0,0,252268.936,,,,,,,,,,,,,,,,,,,
Mpigi/Mpigi Town Council,12173.0,0,9,338573.7282,,,,,,,,,,,,,,,,,,,
Mpigi/Muduuma,13562.0,0,0,336729.8637,,,,,,,,,,,,,,,,,,,
Mpigi/Kiringente,8491.0,0,1,370337.4231,,,,,,,,,,,,,,,,,,,
Wakiso/Busukuma Division,19858.0,0,15,411571.7036,,,,,,,,,,,,,,,,,,,
Mukono/Goma Division,53876.0,53,175,669072.3151,250000000.0,2740355.8811,7829588.2316,8.5454,8.2168,10.1731,0.9983,0.9626,0.8448,0.1178,400000.0,50.1804,40.1443,57.3491,1333333.3333,0.794,0.4833,0.3654,23239.8188
Mukono/Nabbaale,4606.0,0,1,292711.2561,,,,,,,,,,,,,,,,,,,
Mukono/Seeta Namuganga,8132.0,0,0,193922.957,,,,,,,,,,,,,,,,,,,
Buikwe/Buikwe,4888.0,0,0,248150.5438,,,,,,,,,,,,,,,,,,,
Buikwe/Ssi-Bukunja,9060.0,0,0,214772.2524,,,,,,,,,,,,,,,,,,,
Buikwe/Ngogwe,10851.0,0,0,246031.3279,,,,,,,,,,,,,,,,,,,
Buikwe/Najja,12112.0,0,0,236729.3392,,,,,,,,,,,,,,,,,,,
Buikwe/Nyenga Division,13929.0,0,0,233569.1218,,,,,,,,,,,,,,,,,,,
Wakiso/Namayumba,6139.0,0,0,199885.5472,,,,,,,,,,,,,,,,,,,
Mukono/Kimenyedde,8697.0,0,0,256598.4186,,,,,,,,,,,,,,,,,,,
Luwero/Makulubita,12707.0,0,2,264360.5173,,,,,,,,,,,,,,,,,,,
Luwero/Luwero,11805.0,0,0,244082.6077,,,,,,,,,,,,,,,,,,,
Luwero/Kikyusa,6640.0,0,0,197125.2103,,,,,,,,,,,,,,,,,,,
Luwero/Zirobwe,10435.0,0,0,205305.3039,,,,,,,,,,,,,,,,,,,
Luwero/Katikamu,15123.0,0,0,315310.4421,,,,,,,,,,,,,,,,,,,
Luwero/Bamunanika,6088.0,0,0,237464.5473,,,,,,,,,,,,,,,,,,,
Luwero/Nyimbwa,8270.0,0,0,362705.7231,,,,,,,,,,,,,,,,,,,
Luwero/Kalagala,18427.0,0,6,339597.9862,,,,,,,,,,,,,,,,,,,
Luwero/Bombo Town Council,7601.0,0,2,509635.3984,,,,,,,,,,,,,,,,,,,
Luwero/Butuntumula,11191.0,0,0,227031.4598,,,,,,,,,,,,,,,,,,,
Luwero/Kamira,6463.0,0,0,174284.9075,,,,,,,,,,,,,,,,,,,
Mukono/Mpatta,6060.0,0,0,246669.1301,,,,,,,,,,,,,,,,,,,
Wakiso/Katabi  Town Council,48515.0,17,48,639364.1209,450000000.0,4932640.5859,14093258.8169,4.5367,3.7118,5.8329,0.9999,0.9928,0.8878,0.105,,,,,,,,,
Luwero/Luwero Town Council,20706.0,0,0,445509.985,,,,,,,,,,,,,,,,,,,
Buikwe/Buikwe Town Council,5332.0,0,0,308683.5361,,,,,,,,,,,,,,,,,,,
Buikwe/Kawolo Division,13856.0,0,0,307430.3218,,,,,,,,,,,,,,,,,,,
Buikwe/Central Division,11831.0,0,1,504500.3494,,,,,,,,,,,,,,,,,,,
Buikwe/Najjembe Division,9872.0,0,1,252157.3503,,,,,,,,,,,,,,,,,,,
Buikwe/Njeru Division,24956.0,0,0,462370.7927,,,,,,,,,,,,,,,,,,,
Buikwe/Nkokonjeru Town Council,3966.0,0,0,340760.7858,,,,,,,,,,,,,,,,,,,
Mpigi/Buwama,14065.0,0,0,217869.5299,,,,,,,,,,,,,,,,,,,
Wakiso/Bussi,4413.0,0,0,183782.7055,,,,,,,,,,,,,,,,,,,
Mpigi/Kituntu,4645.0,0,0,186275.7116,,,,,,,,,,,,,,,,,,,
Mpigi/Nkozi,12264.0,0,0,280982.9082,,,,,,,,,,,,,,,,,,,
Mukono/Mpunge,4711.0,0,0,209566.7583,,,,,,,,,,,,,,,,,,,
Mukono/Nama,29096.0,0,0,438249.1352,,,,,,,,,,,,,,,,,,,
Mukono/Ntenjeru,5776.0,0,0,231303.6156,,,,,,,,,,,,,,,,,,,
Mukono/Central Division,37850.0,17,132,619248.259,182500000.0,2000459.7932,5715599.4091,10.8344,9.8863,11.8046,0.9964,0.9392,0.8244,0.1148,,,,,,,,,
Mukono/Kasawo,9939.0,0,0,249401.5895,,,,,,,,,,,,,,,,,,,
Wakiso/Nansana Division,60232.0,5,57,620382.4551,100000000.0,1096142.3524,3131835.2926,19.8089,13.2059,24.7611,0.9718,0.8088,0.7115,0.0973,,,,,,,,,
Wakiso/Bunamwaya Division,23969.0,12,43,700991.393,1961000000.0,21495351.531,61415290.0887,1.1414,1.0999,1.5988,1.0,1.0,0.891,0.109,,,,,,,,,
Wakiso/Masajja Division,53343.0,7,32,647380.2861,360000000.0,3946112.4687,11274607.0535,5.7419,3.928,12.1594,0.9996,0.9865,0.8562,0.1302,,,,,,,,,
Wakiso/Bweyogerere Division,45496.0,34,35,688672.7761,220000000.0,2411513.1753,6890037.6438,9.9952,6.6635,12.2504,0.9968,0.9433,0.8591,0.0842,575000.0,35.9308,27.5469,59.0291,1916666.6667,0.887,0.5642,0.48,-100606.8329
Wakiso/Namugongo Division,59302.0,368,362,846428.2597,380000000.0,4165340.9392,11900974.112,7.1123,6.4349,7.7219,0.9987,0.9696,0.9215,0.0482,650000.0,39.0659,36.2755,42.3214,2166666.6667,0.8587,0.5045,0.4564,-6870.961
Mukono/Koome Island,7783.0,0,0,182804.3257,,,,,,,,,,,,,,,,,,,
Kampala/Kawempe Division,94222.0,171,124,848983.3906,490000000.0,5371097.5269,15345992.9339,5.5323,4.518,6.024,1.0,0.9978,0.9806,0.0173,1000000.0,25.4695,23.1541,31.8369,3333333.3333,0.9807,0.7082,0.6909,-365859.1187
Kampala/Nakawa Division,132418.0,465,485,987552.4487,1100000000.0,12057565.8767,34450188.219,2.8666,2.6277,3.2191,1.0,0.9999,0.989,0.0109,1300000.0,22.7897,22.7897,24.6888,4333333.3333,0.9857,0.7359,0.7251,-523204.9287
Kampala/Makindye Division,110313.0,273,256,842592.6488,1200000000.0,13153708.2291,37582023.5117,2.242,1.8178,2.6904,1.0,1.0,0.9837,0.0163,1050000.0,24.0741,21.0648,25.2778,3500000.0,0.9857,0.7338,0.7175,-419696.9008
Kampala/Rubaga Division,113516.0,50,62,813634.5938,625000000.0,6850889.7026,19573970.579,4.1567,3.7114,6.1128,1.0,0.9997,0.9831,0.0166,600000.0,40.6817,32.5454,61.0226,2000000.0,0.922,0.4984,0.4818,3757.0856
Kampala/Central Division,29046.0,174,167,786055.7218,1163650000.0,12755260.484,36443601.3828,2.1569,1.9307,2.8265,1.0,1.0,0.985,0.0149,1500000.0,15.7211,13.8665,19.6514,5000000.0,0.9949,0.8568,0.8418,-884488.6547
