area,step,scenario,price,rate,term_years,income_needed,oai,share_able,households_able
GKMA,0,"Median listed home, 18.3%, 20 years",470000000.0,0.1829,20,14719625.8754,3.7156,0.0001,139.2672
GKMA,1,+ 25-year term,470000000.0,0.1829,25,14484509.2647,3.7759,0.0001,149.7385
GKMA,2,+ rate cut to 12%,470000000.0,0.12,25,9900306.9367,5.5243,0.0004,768.875
GKMA,3,+ rate cut to 8%,470000000.0,0.08,25,7255072.4621,7.5385,0.0013,2625.8982
GKMA,4,+ free land,205673708.1554,0.08,25,3174846.0771,17.2268,0.0213,41855.9477
GKMA,5,"Cost-floor 2-bed home, 8%, 25 years",109525010.719,0.08,25,1690663.594,32.3498,0.1023,200641.5022
GKMA,6,"Cost-floor 1-bed home, 8%, 25 years",70565010.719,0.08,25,1089264.3959,50.2105,0.2272,445584.8115
Kampala,0,"Median listed home, 18.3%, 20 years",956000000.0,0.1829,20,29940345.3976,2.9082,0.0,0.0332
Kampala,1,+ 25-year term,956000000.0,0.1829,25,29462108.2064,2.9554,0.0,0.0378
Kampala,2,+ rate cut to 12%,956000000.0,0.12,25,20137645.5988,4.3238,0.0,0.7
Kampala,3,+ rate cut to 8%,956000000.0,0.08,25,14757126.1144,5.9003,0.0,5.9964
Kampala,4,+ free land,418349074.4609,0.08,25,6457772.0206,13.4833,0.0014,665.7806
Kampala,5,"Cost-floor 2-bed home, 8%, 25 years",109525010.719,0.08,25,1690663.594,51.5016,0.1586,76059.4205
Kampala,6,"Cost-floor 1-bed home, 8%, 25 years",70565010.719,0.08,25,1089264.3959,79.9365,0.3667,175842.6653
Mukono,0,"Median listed home, 18.3%, 20 years",210000000.0,0.1829,20,6576854.1145,6.188,0.0012,296.4552
Mukono,1,+ 25-year term,210000000.0,0.1829,25,6471802.0119,6.2884,0.0013,314.8802
Mukono,2,+ rate cut to 12%,210000000.0,0.12,25,4423541.3972,9.2002,0.005,1189.988
Mukono,3,+ rate cut to 8%,210000000.0,0.08,25,3241628.1214,12.5547,0.0129,3086.0498
Mukono,4,+ free land,91896763.2184,0.08,25,1418548.2472,28.6896,0.0936,22410.1708
Mukono,5,"Cost-floor 2-bed home, 8%, 25 years",109525010.719,0.08,25,1690663.594,24.0719,0.0655,15681.5544
Mukono,6,"Cost-floor 1-bed home, 8%, 25 years",70565010.719,0.08,25,1089264.3959,37.3624,0.1507,36091.5482
Wakiso,0,"Median listed home, 18.3%, 20 years",420000000.0,0.1829,20,13153708.2291,4.459,0.0002,200.8971
Wakiso,1,+ 25-year term,420000000.0,0.1829,25,12943604.0237,4.5314,0.0002,215.0969
Wakiso,2,+ rate cut to 12%,420000000.0,0.12,25,8847082.7945,6.6295,0.0011,987.6481
Wakiso,3,+ rate cut to 8%,420000000.0,0.08,25,6483256.2427,9.0467,0.0034,3021.3549
Wakiso,4,+ free land,183793526.4368,0.08,25,2837096.4944,20.6733,0.0383,34160.9553
Wakiso,5,"Cost-floor 2-bed home, 8%, 25 years",109525010.719,0.08,25,1690663.594,34.6917,0.1182,105371.2255
Wakiso,6,"Cost-floor 1-bed home, 8%, 25 years",70565010.719,0.08,25,1089264.3959,53.8455,0.2459,219275.4824
